timestamp,event,emg1,emg2,emg3,emg4,emg5,emg6,emg7,emg8
0.0495308 ,Left ,0  ,-2 ,+1 ,-2 ,-2 ,-3 ,0  ,0 
0.0495403 ,Left ,-2 ,-1 ,-1 ,0  ,-1 ,+1 ,0  ,-2
0.0637181 ,Left ,-1 ,-1 ,-1 ,+1 ,-2 ,-1 ,0  ,-2
0.0637212 ,Left ,-1 ,-1 ,-1 ,0  ,-2 ,0  ,-1 ,-2
0.0716521 ,Left ,-1 ,0  ,+1 ,-1 ,-1 ,-2 ,-1 ,-2
0.0716569 ,Left ,+1 ,0  ,-1 ,-2 ,0  ,-1 ,-2 ,-1
0.0866215 ,Left ,-1 ,-1 ,0  ,-3 ,-1 ,-1 ,+1 ,-3
0.0866247 ,Left ,-1 ,0  ,-1 ,-1 ,+1 ,-1 ,-2 ,-2
0.0939521 ,Left ,0  ,-1 ,-2 ,-1 ,-2 ,-1 ,-2 ,0 
0.0939561 ,Left ,-2 ,-2 ,+1 ,-1 ,-2 ,0  ,-1 ,0 
0.101516 ,Left ,-4 ,-3 ,-1 ,0  ,-3 ,0  ,+1 ,-2
0.1015191 ,Left ,-1 ,0  ,-2 ,0  ,-1 ,-2 ,-3 ,0 
0.1164836 ,Left ,0  ,0  ,-2 ,-2 ,0  ,-1 ,-2 ,-1
0.1164866 ,Left ,-1 ,0  ,-2 ,0  ,-1 ,+1 ,-1 ,-1
0.1241133 ,Left ,0  ,0  ,0  ,-2 ,-1 ,-3 ,-1 ,0 
0.1241168 ,Left ,+1 ,-1 ,-1 ,0  ,-3 ,-1 ,+1 ,0 
0.1389827 ,Left ,0  ,-3 ,-1 ,-1 ,0  ,0  ,-1 ,-2
0.138987 ,Left ,0  ,0  ,-1 ,-2 ,-2 ,-1 ,-1 ,+1
0.1466165 ,Left ,0  ,-1 ,-4 ,0  ,+1 ,+1 ,0  ,-2
0.1466202 ,Left ,-2 ,-2 ,-1 ,-2 ,-1 ,0  ,0  ,0 
0.1613939 ,Left ,0  ,0  ,-2 ,+1 ,+1 ,-1 ,0  ,-2
0.1613983 ,Left ,-3 ,-3 ,-1 ,-1 ,-2 ,0  ,+1 ,-1
0.1766733 ,Left ,-1 ,-2 ,+2 ,-1 ,-1 ,-1 ,+1 ,0 
0.1766778 ,Left ,-2 ,-1 ,0  ,-3 ,-1 ,0  ,-1 ,-5
0.1839736 ,Left ,0  ,-1 ,-3 ,-1 ,+1 ,-3 ,-3 ,0 
0.1839797 ,Left ,0  ,-2 ,-2 ,-2 ,-1 ,-1 ,-3 ,0 
0.1990928 ,Left ,0  ,0  ,-2 ,-2 ,0  ,+1 ,+1 ,0 
0.1990956 ,Left ,-2 ,-1 ,-3 ,-1 ,-1 ,-2 ,0  ,0 
0.2062706 ,Left ,0  ,+1 ,0  ,0  ,-1 ,+1 ,-1 ,-2
0.2062732 ,Left ,-1 ,-1 ,+1 ,-1 ,-2 ,+1 ,-2 ,-2
0.2214102 ,Left ,-3 ,-2 ,0  ,-2 ,-4 ,-2 ,-3 ,+1
0.2214136 ,Left ,-1 ,0  ,0  ,-1 ,-3 ,-2 ,0  ,-1
0.2366795 ,Left ,0  ,0  ,-1 ,0  ,-3 ,-1 ,-2 ,0 
0.2366852 ,Left ,-1 ,-2 ,-1 ,0  ,-1 ,0  ,0  ,-3
0.2441023 ,Left ,-2 ,-1 ,0  ,0  ,+1 ,-2 ,+1 ,-2
0.2441071 ,Left ,-1 ,-1 ,-2 ,-1 ,-2 ,-1 ,+1 ,-2
0.258958 ,Left ,-1 ,-2 ,-2 ,-2 ,-2 ,+1 ,-2 ,-1
0.2589632 ,Left ,+2 ,-2 ,-4 ,-2 ,-2 ,-2 ,-1 ,-2
0.2666882 ,Left ,0  ,-1 ,-1 ,+1 ,0  ,0  ,-1 ,0 
0.2666947 ,Left ,-3 ,-1 ,-3 ,+1 ,+1 ,-1 ,-1 ,+1
0.2817303 ,Left ,-3 ,0  ,-1 ,-4 ,-3 ,0  ,0  ,-2
0.2817373 ,Left ,0  ,-1 ,0  ,-1 ,-1 ,-2 ,-1 ,-2
0.2967584 ,Left ,-2 ,-3 ,-1 ,-2 ,+2 ,-2 ,-1 ,-1
0.2967649 ,Left ,-1 ,+2 ,0  ,-1 ,-1 ,0  ,-1 ,-3
0.304299 ,Left ,-1 ,0  ,-1 ,+1 ,-2 ,-1 ,+1 ,-1
0.3043061 ,Left ,-2 ,+1 ,0  ,-3 ,-3 ,-2 ,-2 ,-1
0.3189999 ,Left ,+1 ,-3 ,0  ,-2 ,-1 ,-1 ,0  ,0 
0.3190062 ,Left ,0  ,0  ,+1 ,-2 ,-1 ,-1 ,-2 ,-3
0.3264856 ,Left ,-2 ,-1 ,-1 ,-3 ,-1 ,-1 ,-1 ,0 
0.326492 ,Left ,-1 ,+2 ,-2 ,0  ,-1 ,0  ,-3 ,0 
0.3416472 ,Left ,+1 ,0  ,-1 ,-1 ,-1 ,+1 ,0  ,-2
0.3416538 ,Left ,-3 ,-3 ,-3 ,-1 ,+1 ,-2 ,0  ,-1
0.3567076 ,Left ,-4 ,-2 ,-1 ,-2 ,-3 ,0  ,-2 ,0 
0.3567151 ,Left ,-2 ,-1 ,-1 ,-1 ,0  ,-2 ,-1 ,-3
0.3641863 ,Left ,-1 ,-2 ,-1 ,0  ,-3 ,-1 ,-1 ,-1
0.3642077 ,Left ,-1 ,-2 ,-3 ,-4 ,0  ,+1 ,0  ,0 
0.3794569 ,Left ,0  ,-2 ,-4 ,-2 ,-1 ,0  ,+1 ,-2
0.3794692 ,Left ,-1 ,-3 ,0  ,0  ,-2 ,-4 ,-2 ,-1
0.386887 ,Left ,-2 ,-3 ,-1 ,0  ,+1 ,-1 ,-2 ,-1
0.3869804 ,Left ,-3 ,-1 ,-2 ,-4 ,-2 ,-1 ,0  ,-3
0.4018074 ,Left ,0  ,0  ,0  ,-3 ,-2 ,-2 ,-1 ,-2
0.4019819 ,Left ,0  ,-1 ,+2 ,-1 ,0  ,+1 ,-3 ,0 
0.4169986 ,Left ,-2 ,-1 ,-1 ,-2 ,-3 ,-2 ,0  ,0 
0.417011 ,Left ,-1 ,-2 ,-2 ,0  ,-1 ,-2 ,+1 ,-1
0.4244707 ,Left ,-1 ,0  ,0  ,+1 ,-2 ,-2 ,0  ,-2
0.424485 ,Left ,-1 ,-2 ,-1 ,-2 ,-2 ,-1 ,-1 ,-2
0.4466618 ,Left ,-1 ,0  ,+2 ,-2 ,-1 ,-1 ,-2 ,-2
0.4466684 ,Left ,-2 ,-2 ,-2 ,-2 ,-1 ,0  ,-1 ,-2
0.4541973 ,Left ,-1 ,-1 ,-1 ,+2 ,0  ,-2 ,-1 ,+1
0.4542027 ,Left ,-2 ,0  ,0  ,+1 ,+1 ,-3 ,-2 ,0 
0.469154 ,Left ,+2 ,0  ,+1 ,+1 ,-2 ,-2 ,-2 ,-1
0.4691596 ,Left ,0  ,0  ,-3 ,-3 ,-3 ,-1 ,0  ,-1
0.4840498 ,Left ,-1 ,-2 ,-1 ,+1 ,-1 ,0  ,-2 ,0 
0.484055 ,Left ,0  ,0  ,-2 ,0  ,-2 ,0  ,-2 ,-1
0.4915667 ,Left ,-3 ,-2 ,-1 ,0  ,-1 ,-2 ,-3 ,-3
0.491572 ,Left ,-2 ,-2 ,+1 ,-1 ,0  ,0  ,0  ,0 
0.5065013 ,Left ,-1 ,-2 ,-1 ,-1 ,0  ,0  ,-1 ,0 
0.5065066 ,Left ,0  ,-1 ,-2 ,0  ,-1 ,-2 ,0  ,0 
0.5215429 ,Left ,-2 ,-1 ,0  ,-2 ,-2 ,+2 ,0  ,0 
0.5215486 ,Left ,0  ,-2 ,-2 ,-2 ,-1 ,-2 ,-1 ,-2
0.5367913 ,Left ,-2 ,-2 ,-2 ,-5 ,-2 ,-1 ,-3 ,+1
0.5367969 ,Left ,0  ,-1 ,-1 ,+1 ,-1 ,0  ,-1 ,-1
0.5440974 ,Left ,-1 ,-3 ,-5 ,-1 ,-1 ,-4 ,-1 ,0 
0.5441028 ,Left ,-3 ,-6 ,-3 ,-1 ,-2 ,-3 ,0  ,0 
0.5664702 ,Left ,-2 ,+1 ,+1 ,-1 ,0  ,-2 ,-1 ,-2
0.5664754 ,Left ,+1 ,+7 ,+2 ,+4 ,0  ,-2 ,-1 ,+1
0.574098 ,Left ,0  ,0  ,-3 ,-4 ,-1 ,0  ,-2 ,-1
0.5741033 ,Left ,-4 ,-5 ,-4 ,-3 ,-1 ,0  ,0  ,-2
0.5890259 ,Left ,-1 ,-3 ,-1 ,-6 ,-1 ,-1 ,-4 ,+2
0.589169 ,Left ,-3 ,0  ,0  ,-1 ,0  ,+3 ,0  ,-2
0.604216 ,Left ,-2 ,-2 ,-3 ,-2 ,-1 ,+2 ,0  ,-1
0.6042215 ,Left ,-2 ,-4 ,-3 ,0  ,-1 ,-1 ,0  ,-2
0.61145 ,Left ,-3 ,0  ,0  ,+3 ,-2 ,-3 ,0  ,-5
0.611455 ,Left ,+1 ,-2 ,-2 ,-3 ,-3 ,-1 ,0  ,0 
0.6264287 ,Left ,-1 ,0  ,0  ,-1 ,-2 ,-1 ,+1 ,+2
0.6264338 ,Left ,+1 ,+3 ,+1 ,+6 ,-1 ,-2 ,-2 ,0 
0.6416086 ,Left ,-1 ,+2 ,-1 ,-3 ,+2 ,-2 ,0  ,-1
0.6416146 ,Left ,+1 ,+1 ,0  ,+5 ,-3 ,+1 ,0  ,+1
0.6490984 ,Left ,-1 ,0  ,0  ,-3 ,+2 ,0  ,0  ,-3
0.6491038 ,Left ,-1 ,+1 ,+2 ,+3 ,-3 ,0  ,0  ,-3
0.6640648 ,Left ,-2 ,-6 ,-3 ,-3 ,-2 ,-2 ,+1 ,-3
0.664068 ,Left ,-2 ,-4 ,-3 ,-4 ,+1 ,-2 ,-2 ,0 
0.6791373 ,Left ,0  ,-3 ,-1 ,+2 ,-1 ,0  ,-2 ,-1
0.6791405 ,Left ,-1 ,+1 ,+3 ,-1 ,-4 ,-3 ,-1 ,0 
0.6863213 ,Left ,0  ,+1 ,-1 ,+3 ,-4 ,+2 ,0  ,-1
0.6863524 ,Left ,-3 ,-7 ,-6 ,-8 ,-8 ,-4 ,-3 ,-3
0.7019168 ,Left ,0  ,+1 ,-2 ,0  ,0  ,-2 ,-2 ,0 
0.7019289 ,Left ,-3 ,+1 ,+4 ,-5 ,-1 ,+1 ,0  ,-3
0.7093634 ,Left ,0  ,+6 ,0  ,0  ,-2 ,-1 ,-1 ,-2
0.7093755 ,Left ,0  ,-2 ,-1 ,+9 ,-1 ,-1 ,-2 ,0 
0.7239892 ,Left ,+1 ,+2 ,0  ,-3 ,+1 ,-2 ,0  ,-1
0.7239924 ,Left ,+1 ,+3 ,+1 ,-4 ,0  ,+3 ,0  ,0 
0.7390617 ,Left ,-2 ,-2 ,0  ,0  ,-3 ,-1 ,0  ,-1
0.7390654 ,Left ,-3 ,-1 ,-5 ,-3 ,+1 ,+2 ,-3 ,-2
0.7465597 ,Left ,-2 ,-3 ,-2 ,-2 ,-6 ,-3 ,+2 ,+2
0.7465634 ,Left ,-2 ,+3 ,0  ,+1 ,+5 ,+4 ,+2 ,-1
0.7615087 ,Left ,-1 ,-3 ,-4 ,-1 ,-1 ,-9 ,-8 ,0 
0.7615123 ,Left ,-3 ,-4 ,-3 ,-3 ,0  ,-2 ,-7 ,-2
0.7690562 ,Left ,0  ,-3 ,-3 ,+1 ,-5 ,-2 ,-3 ,-1
0.7690597 ,Left ,0  ,-1 ,+2 ,+1 ,-1 ,-3 ,+1 ,+1
0.784061 ,Left ,-1 ,-1 ,+1 ,+7 ,+4 ,-5 ,-2 ,-1
0.7840654 ,Left ,+1 ,+4 ,+1 ,-3 ,-12 ,-3 ,-7 ,-1
0.7991013 ,Left ,-1 ,0  ,0  ,-7 ,+1 ,-1 ,-1 ,-1
0.7991233 ,Left ,-1 ,-6 ,-1 ,+5 ,+6 ,+4 ,+2 ,-2
0.806695 ,Left ,-1 ,-2 ,0  ,-2 ,-5 ,-12 ,-4 ,-4
0.8067025 ,Left ,-1 ,-1 ,-3 ,-3 ,+5 ,+8 ,+3 ,0 
0.8217532 ,Left ,-1 ,-3 ,-2 ,-3 ,-10 ,-8 ,-4 ,-1
0.8217602 ,Left ,+1 ,+4 ,-1 ,+8 ,0  ,+2 ,+3 ,0 
0.8292571 ,Left ,-2 ,-4 ,-4 ,-7 ,+10 ,+8 ,0  ,0 
0.8292652 ,Left ,-3 ,-2 ,-6 ,-7 ,-6 ,-7 ,-3 ,-4
0.8441459 ,Left ,+3 ,-1 ,-1 ,+1 ,-5 ,0  ,0  ,+1
0.8441525 ,Left ,+1 ,+8 ,+8 ,+3 ,+33 ,+6 ,-6 ,-1
0.8594609 ,Left ,-2 ,0  ,0  ,-3 ,-28 ,-3 ,-1 ,-1
0.8594733 ,Left ,-5 ,-4 ,-1 ,-2 ,+12 ,-2 ,+1 ,-2
0.8745574 ,Left ,0  ,+1 ,-2 ,-4 ,+2 ,+4 ,-3 ,-1
0.8745696 ,Left ,-1 ,-5 ,-5 ,-2 ,-1 ,-5 ,-2 ,0 
0.8893792 ,Left ,+4 ,+2 ,+1 ,-5 ,+10 ,+9 ,+2 ,0 
0.8894811 ,Left ,0  ,0  ,+2 ,-7 ,-7 ,-13 ,-2 ,+2
0.8971931 ,Left ,-3 ,-4 ,-2 ,+5 ,-9 ,-4 ,-2 ,-2
0.8972056 ,Left ,-1 ,+1 ,+3 ,+1 ,-7 ,-1 ,+1 ,0 
0.911895 ,Left ,+2 ,+6 ,+5 ,+11 ,+22 ,+5 ,+2 ,-2
0.9119071 ,Left ,0  ,-2 ,-6 ,-12 ,-35 ,-7 ,-2 ,-5
0.9265446 ,Left ,-4 ,-3 ,-1 ,-10 ,-32 ,-8 ,0  ,-1
0.9265508 ,Left ,-2 ,-3 ,-2 ,+12 ,+21 ,+3 ,0  ,-2
0.9413766 ,Left ,+5 ,+2 ,+5 ,+12 ,+20 ,+4 ,+1 ,0 
0.9413796 ,Left ,-1 ,-1 ,0  ,-6 ,-10 ,+2 ,-2 ,0 
0.9488967 ,Left ,-3 ,-2 ,-6 ,-2 ,-1 ,+1 ,-3 ,-6
0.9488997 ,Left ,+2 ,0  ,+1 ,-5 ,-4 ,-5 ,+1 ,-1
0.9640585 ,Left ,-2 ,-3 ,+3 ,+3 ,+1 ,0  ,-1 ,-3
0.9640622 ,Left ,-5 ,-2 ,-2 ,-5 ,+3 ,+1 ,+1 ,+3
0.9790109 ,Left ,-2 ,-2 ,+1 ,+1 ,-9 ,-1 ,-2 ,+1
0.9790146 ,Left ,+1 ,-4 ,-6 ,-2 ,-11 ,-7 ,-6 ,-5
0.9867063 ,Left ,-6 ,-1 ,0  ,+1 ,+6 ,-2 ,-2 ,+1
0.9867104 ,Left ,-6 ,-6 ,-2 ,-6 ,-4 ,-1 ,-2 ,0 
1.0015673 ,Left ,-1 ,-2 ,0  ,-6 ,-4 ,+1 ,+11 ,0 
1.0015872 ,Left ,0  ,+2 ,-1 ,-1 ,+6 ,+4 ,-11 ,-3
1.0091877 ,Left ,+1 ,-3 ,-2 ,0  ,-10 ,-9 ,+9 ,-4
1.0091934 ,Left ,-20 ,-3 ,-4 ,-2 ,-8 ,-4 ,-27 ,-3
1.0240646 ,Left ,+6 ,-2 ,-5 ,-3 ,+3 ,+1 ,-1 ,+1
1.0241613 ,Left ,0  ,+1 ,+1 ,+4 ,+4 ,+4 ,+7 ,0 
1.0392263 ,Left ,-3 ,-3 ,0  ,-5 ,-3 ,-4 ,-5 ,-6
1.0392329 ,Left ,+4 ,+1 ,-2 ,-9 ,-11 ,-4 ,0  ,+2
1.0466183 ,Left ,-3 ,+2 ,0  ,+10 ,+5 ,0  ,-4 ,-1
1.0466248 ,Left ,+8 ,-1 ,0  ,-5 ,-4 ,-3 ,+6 ,+2
1.0617243 ,Left ,-6 ,-8 ,-7 ,-4 ,0  ,0  ,-6 ,-1
1.0617316 ,Left ,+3 ,-1 ,-2 ,-4 ,-5 ,-1 ,+3 ,-2
1.0692787 ,Left ,-4 ,0  ,0  ,-4 ,+1 ,0  ,-2 ,+1
1.0692863 ,Left ,+2 ,0  ,+1 ,0  ,-2 ,-2 ,-2 ,-2
1.0840975 ,Left ,-1 ,0  ,-4 ,0  ,+1 ,+1 ,-1 ,-1
1.0841008 ,Left ,+4 ,-2 ,-4 ,-3 ,-8 ,+1 ,+2 ,-1
1.098793 ,Left ,-1 ,-3 ,+1 ,-5 ,-6 ,-7 ,-2 ,-1
1.0987957 ,Left ,-8 ,-5 ,0  ,+1 ,-2 ,0  ,+2 ,-1
1.1062815 ,Left ,+3 ,0  ,+2 ,-1 ,+2 ,-1 ,0  ,+1
1.106285 ,Left ,+10 ,+2 ,+3 ,+3 ,+1 ,-3 ,-4 ,-2
1.1215231 ,Left ,-5 ,0  ,-2 ,0  ,0  ,-2 ,-1 ,-1
1.1215268 ,Left ,-2 ,-2 ,-1 ,+2 ,-1 ,0  ,-2 ,-3
1.1291989 ,Left ,+5 ,+2 ,+1 ,+1 ,-8 ,+2 ,+2 ,0 
1.1292033 ,Left ,-5 ,-4 ,-7 ,-10 ,-6 ,-7 ,-1 ,-3
1.1442173 ,Left ,-8 ,-5 ,-2 ,0  ,+6 ,-1 ,-3 ,-1
1.1442234 ,Left ,+6 ,-2 ,-4 ,-3 ,-1 ,-1 ,+2 ,0 
1.1593977 ,Left ,-2 ,-2 ,-4 ,-3 ,-7 ,+1 ,0  ,-2
1.1594064 ,Left ,-3 ,-3 ,-4 ,-1 ,+6 ,+5 ,0  ,0 
1.1667557 ,Left ,-2 ,-1 ,-1 ,-6 ,-7 ,-9 ,-3 ,0 
1.1667636 ,Left ,-6 ,-2 ,+1 ,-1 ,-4 ,-2 ,-1 ,-2
1.1817422 ,Left ,0  ,-2 ,-2 ,-5 ,-3 ,-1 ,-1 ,-3
1.1817506 ,Left ,-6 ,-1 ,-2 ,-4 ,-2 ,-1 ,+1 ,-2
1.1894677 ,Left ,+6 ,-3 ,-2 ,-7 ,-2 ,0  ,-3 ,0 
1.1894762 ,Left ,+6 ,+6 ,+6 ,+26 ,+5 ,0  ,-1 ,+2
1.2043347 ,Left ,-4 ,-1 ,-2 ,-8 ,-12 ,+5 ,0  ,-3
1.2043431 ,Left ,-7 ,-10 ,-9 ,-13 ,+3 ,-3 ,-3 ,-2
1.2191861 ,Left ,-4 ,-2 ,-1 ,+3 ,+4 ,-1 ,+3 ,+1
1.219194 ,Left ,+8 ,+2 ,-2 ,-5 ,+3 ,-8 ,-3 ,+2
1.2266077 ,Left ,-3 ,+1 ,+1 ,+5 ,+8 ,-3 ,-6 ,0 
1.2267301 ,Left ,+4 ,0  ,+2 ,-1 ,+4 ,+7 ,+9 ,-5
1.2416447 ,Left ,-9 ,-5 ,-4 ,+3 ,-1 ,+3 ,-23 ,-1
1.2416531 ,Left ,-15 ,-5 ,-1 ,-3 ,-4 ,-7 ,+4 ,-1
1.2492544 ,Left ,+6 ,+3 ,0  ,+5 ,-3 ,0  ,-4 ,-2
1.2492629 ,Left ,-5 ,0  ,-1 ,-4 ,+7 ,+4 ,+7 ,+2
1.2643435 ,Left ,-1 ,0  ,-1 ,+6 ,-17 ,-2 ,-15 ,+2
1.2643515 ,Left ,-2 ,-7 ,-5 ,-16 ,-44 ,-7 ,+15 ,+2
1.2794187 ,Left ,-1 ,-1 ,+1 ,-5 ,+10 ,-11 ,+8 ,-3
1.2794266 ,Left ,+4 ,-2 ,-4 ,-1 ,0  ,+6 ,-5 ,+1
1.2866446 ,Left ,-10 ,-4 ,+2 ,+8 ,+17 ,-1 ,+3 ,-2
1.2866523 ,Left ,+11 ,+3 ,-1 ,-1 ,+10 ,0  ,-12 ,-5
1.3017894 ,Left ,-5 ,-1 ,0  ,+1 ,-17 ,-2 ,+6 ,-2
1.3017982 ,Left ,+9 ,+1 ,0  ,+3 ,+19 ,+21 ,+1 ,-3
1.3087613 ,Left ,-13 ,-10 ,-6 ,-13 ,-24 ,-27 ,+14 ,-1
1.3088562 ,Left ,-18 ,-5 ,0  ,-4 ,-3 ,+2 ,-24 ,-4
1.3240468 ,Left ,-7 ,-11 ,-9 ,-1 ,+12 ,+2 ,+2 ,-6
1.3240498 ,Left ,0  ,0  ,-1 ,-1 ,+11 ,-2 ,+4 ,+1
1.3389661 ,Left ,+4 ,0  ,-2 ,-3 ,0  ,0  ,+1 ,0 
1.338969 ,Left ,0  ,+1 ,+3 ,+8 ,+6 ,-4 ,-5 ,-2
1.3465613 ,Left ,+8 ,+5 ,-1 ,+5 ,-1 ,+2 ,+6 ,+2
1.3465644 ,Left ,-6 ,-6 ,-5 ,-18 ,-28 ,-9 ,-4 ,-2
1.3614358 ,Left ,-8 ,-9 ,-2 ,+6 ,+16 ,+3 ,-4 ,-3
1.3614388 ,Left ,-3 ,+1 ,0  ,-8 ,-7 ,-5 ,+6 ,-1
1.3690279 ,Left ,0  ,-1 ,+1 ,-1 ,+3 ,+2 ,-7 ,-4
1.3690315 ,Left ,-2 ,-1 ,+2 ,+14 ,+33 ,+5 ,-2 ,-1
1.3912681 ,Left ,-1 ,-2 ,+1 ,0  ,0  ,+5 ,-5 ,-2
1.3912709 ,Left ,+4 ,+6 ,+5 ,+2 ,-27 ,+10 ,+1 ,+1
1.4065744 ,Left ,-6 ,-4 ,-5 ,-2 ,+13 ,-12 ,+2 ,-1
1.4065775 ,Left ,-3 ,-2 ,-3 ,-8 ,-10 ,0  ,-3 ,-2
1.4140412 ,Left ,+1 ,+3 ,+1 ,+11 ,+12 ,-2 ,-6 ,-2
1.4140443 ,Left ,-6 ,-1 ,+1 ,+4 ,+18 ,+4 ,+6 ,+2
1.436705 ,Left ,-1 ,-2 ,-5 ,-6 ,-6 ,0  ,-5 ,-7
1.4367097 ,Left ,+2 ,+5 ,+1 ,-1 ,-6 ,-3 ,0  ,+1
1.4440826 ,Left ,-2 ,-5 ,-6 ,+9 ,-7 ,+22 ,-1 ,-1
1.4440872 ,Left ,-5 ,-7 ,-7 ,-8 ,-14 ,-29 ,+14 ,-4
1.4514475 ,Left ,0  ,-4 ,+1 ,-4 ,0  ,+6 ,-2 ,-5
1.4515289 ,Left ,-6 ,-4 ,-4 ,+2 ,-2 ,-7 ,-4 ,-4
1.4589294 ,Left ,+10 ,+6 ,+3 ,-5 ,+1 ,+18 ,+15 ,+14
1.4589328 ,Left ,-4 ,-3 ,-4 ,-3 ,-3 ,-19 ,-24 ,-18
1.4741409 ,Left ,+11 ,+7 ,+6 ,+1 ,-3 ,-4 ,+11 ,+7
1.4741453 ,Left ,0  ,+4 ,+4 ,+5 ,+2 ,+7 ,-5 ,-1
1.4893756 ,Left ,-15 ,-12 ,-11 ,-18 ,-16 ,-10 ,-8 ,-12
1.4893825 ,Left ,-1 ,-7 ,-5 ,+3 ,+15 ,+1 ,-5 ,-11
1.5039041 ,Left ,+22 ,+1 ,+1 ,-4 ,-9 ,-4 ,-13 ,+22
1.5039071 ,Left ,+3 ,-4 ,-5 ,-17 ,+6 ,+6 ,+2 ,+22
1.5190874 ,Left ,-9 ,-11 ,-6 ,+4 ,-10 ,-1 ,+7 ,-5
1.5190907 ,Left ,+3 ,+1 ,-1 ,-11 ,-5 ,-4 ,-5 ,-4
1.5265928 ,Left ,-12 ,+7 ,+11 ,+5 ,+22 ,0  ,+1 ,-12
1.5265962 ,Left ,-4 ,-4 ,-14 ,-8 ,-14 ,-5 ,-6 ,-2
1.5414365 ,Left ,+5 ,-3 ,-3 ,-5 ,-7 ,-1 ,-2 ,0 
1.5414426 ,Left ,-7 ,-10 ,-6 ,+23 ,+10 ,-3 ,-2 ,+2
1.5489422 ,Left ,-3 ,+4 ,+3 ,-8 ,-4 ,-6 ,-6 ,-9
1.5489458 ,Left ,+7 ,+16 ,+3 ,-2 ,+9 ,+12 ,+8 ,+8
1.5640774 ,Left ,0  ,+4 ,+1 ,+7 ,+6 ,-4 ,-2 ,-1
1.5640806 ,Left ,-1 ,-6 ,-2 ,-1 ,-7 ,-1 ,-4 ,+1
1.5713204 ,Left ,-4 ,-13 ,-6 ,-11 ,-14 ,+5 ,+1 ,0 
1.571324 ,Left ,-8 ,-6 ,-3 ,-3 ,-4 ,0  ,0  ,-3
1.5864752 ,Left ,-5 ,-2 ,-4 ,-6 ,-5 ,-3 ,-25 ,-7
1.5864789 ,Left ,-6 ,-1 ,0  ,+2 ,+5 ,+8 ,+18 ,+2
1.6091061 ,Left ,+34 ,+6 ,+3 ,+10 ,0  ,+4 ,-3 ,+5
1.609111 ,Left ,-11 ,-8 ,-5 ,-10 ,-13 ,-14 ,-4 ,-27
1.6165468 ,Left ,-5 ,-6 ,-4 ,-3 ,+6 ,+3 ,-23 ,+7
1.6165517 ,Left ,+11 ,-2 ,+1 ,0  ,+4 ,0  ,+17 ,+25
1.6317602 ,Left ,-1 ,0  ,-1 ,-3 ,+1 ,-2 ,+4 ,-4
1.6318518 ,Left ,+9 ,+14 ,+8 ,-2 ,-15 ,+3 ,-22 ,+4
1.6393209 ,Left ,-2 ,+3 ,-2 ,+1 ,+1 ,-9 ,+4 ,-22
1.639329 ,Left ,-8 ,-2 ,+5 ,+8 ,-3 ,-3 ,-9 ,-8
1.6468223 ,Left ,-6 ,-8 ,-9 ,-8 ,0  ,-2 ,+7 ,+12
1.6468311 ,Left ,-2 ,-9 ,-4 ,-1 ,+16 ,+6 ,+12 ,+12
1.6694103 ,Left ,-4 ,+5 ,0  ,-10 ,-17 ,-11 ,+6 ,-9
1.6694184 ,Left ,+3 ,+10 ,+6 ,+11 ,+8 ,-3 ,-7 ,+1
1.6842331 ,Left ,-5 ,-8 ,-5 ,-7 ,+14 ,0  ,-18 ,+9
1.6842412 ,Left ,-4 ,-10 ,-6 ,-18 ,-42 ,-8 ,-2 ,-12
1.6918207 ,Left ,+10 ,+5 ,+3 ,-9 ,-11 ,-9 ,-11 ,-5
1.6918288 ,Left ,-3 ,+9 ,+5 ,+18 ,0  ,-1 ,0  ,-3
1.6993528 ,Left ,+1 ,-3 ,-3 ,+5 ,-12 ,-6 ,+13 ,+6
1.6993616 ,Left ,0  ,-3 ,+1 ,+1 ,+12 ,-1 ,-9 ,-6
1.7068174 ,Left ,-11 ,-6 ,-3 ,0  ,+11 ,+8 ,-4 ,-4
1.7068252 ,Left ,+4 ,+5 ,+4 ,-26 ,-13 ,-7 ,-3 ,+6
1.7218464 ,Left ,+4 ,+10 ,+4 ,+14 ,+8 ,+1 ,+12 ,-3
1.7218562 ,Left ,-6 ,-9 ,-11 ,-8 ,-6 ,-3 ,-8 ,-7
1.7368671 ,Left ,+2 ,0  ,-1 ,-2 ,+4 ,0  ,+6 ,+3
1.7368767 ,Left ,-8 ,-3 ,+3 ,-13 ,+3 ,-5 ,-6 ,-10
1.7441664 ,Left ,+14 ,+2 ,+3 ,+5 ,-4 ,-2 ,+7 ,+3
1.7441741 ,Left ,-30 ,-7 ,-4 ,-11 ,0  ,+5 ,+6 ,+1
1.7515287 ,Left ,+17 ,+2 ,-1 ,+13 ,+9 ,+4 ,+15 ,+2
1.751537 ,Left ,+8 ,+3 ,+1 ,-17 ,-2 ,+1 ,+14 ,+7
1.7593291 ,Left ,-23 ,-3 ,-3 ,+6 ,-18 ,-4 ,-47 ,+3
1.7593368 ,Left ,+29 ,-2 ,0  ,+4 ,+2 ,-5 ,+20 ,-12
1.7741187 ,Left ,-12 ,-3 ,-3 ,-19 ,-3 ,0  ,-20 ,-1
1.7741264 ,Left ,0  ,+5 ,+6 ,+19 ,+28 ,+8 ,+17 ,+5
1.7818668 ,Left ,-5 ,0  ,0  ,-3 ,0  ,+3 ,+2 ,-3
1.7818757 ,Left ,-5 ,-1 ,-1 ,+5 ,-4 ,-5 ,-12 ,-5
1.7969752 ,Left ,-20 ,-6 ,-4 ,+1 ,-2 ,-5 ,+8 ,-34
1.7970007 ,Left ,+34 ,+2 ,-3 ,-2 ,-10 ,-4 ,+4 ,+53
1.8044337 ,Left ,-20 ,-1 ,+1 ,-8 ,+16 ,+1 ,+6 ,+5
1.8044422 ,Left ,-2 ,-2 ,-1 ,+6 ,-23 ,-5 ,-9 ,-13
1.811803 ,Left ,+16 ,+4 ,+2 ,+3 ,+22 ,0  ,+4 ,-8
1.8118121 ,Left ,-44 ,-14 ,-7 ,-1 ,-7 ,0  ,-20 ,-35
1.8188702 ,Left ,0  ,-7 ,-6 ,-8 ,-5 ,+1 ,+21 ,+9
1.8188942 ,Left ,+1 ,+2 ,+5 ,+9 ,+16 ,+3 ,+7 ,+12
1.8345097 ,Left ,+5 ,+8 ,+4 ,-11 ,-39 ,0  ,-4 ,-4
1.834522 ,Left ,+4 ,0  ,0  ,+4 ,-4 ,-10 ,-14 ,-16
1.8420078 ,Left ,+1 ,+2 ,0  ,+4 ,+12 ,+1 ,+26 ,-4
1.8421151 ,Left ,-19 ,-18 ,-13 ,-4 ,-2 ,-3 ,-29 ,-6
1.8569083 ,Left ,+7 ,-2 ,-1 ,-15 ,+11 ,0  ,+3 ,+37
1.8569204 ,Left ,0  ,+9 ,+6 ,+6 ,-17 ,-4 ,0  ,-3
1.8716546 ,Left ,-5 ,-11 ,-7 ,+2 ,+15 ,-1 ,-1 ,0 
1.8717912 ,Left ,-3 ,-5 ,0  ,+4 ,-2 ,-1 ,-2 ,-4
1.8789654 ,Left ,-2 ,-6 ,-7 ,-2 ,+1 ,0  ,-5 ,-7
1.8789719 ,Left ,+10 ,+9 ,+4 ,+8 ,-11 ,+1 ,-4 ,+4
1.8940223 ,Left ,-11 ,-9 ,-7 ,-7 ,-2 ,-5 ,+2 ,+2
1.8940269 ,Left ,0  ,-3 ,-2 ,-5 ,+2 ,+5 ,0  ,-7
1.9015018 ,Left ,-1 ,-3 ,+2 ,0  ,-1 ,-4 ,-9 ,-5
1.9015064 ,Left ,+1 ,-2 ,-1 ,+2 ,+7 ,-4 ,+1 ,+7
1.916595 ,Left ,-2 ,+3 ,+2 ,-1 ,-4 ,-8 ,-1 ,-3
1.9165994 ,Left ,-2 ,+1 ,+1 ,+5 ,+11 ,+4 ,-1 ,-1
1.9240327 ,Left ,+5 ,+4 ,+3 ,+10 ,+2 ,0  ,-5 ,+3
1.9240372 ,Left ,-7 ,+2 ,-2 ,-14 ,-7 ,-7 ,+1 ,+9
1.9314724 ,Left ,+20 ,+4 ,+5 ,+12 ,+11 ,+3 ,+2 ,-1
1.9314771 ,Left ,+14 ,-2 ,0  ,-11 ,-5 ,+1 ,-3 ,+2
1.9392596 ,Left ,+3 ,+2 ,+2 ,+2 ,+4 ,-2 ,0  ,+3
1.939265 ,Left ,-21 ,-3 ,-4 ,+5 ,-2 ,-1 ,-7 ,-18
1.9540167 ,Left ,+9 ,-4 ,-4 ,-2 ,-12 ,-5 ,0  ,+4
1.9540217 ,Left ,-18 ,+1 ,-4 ,+2 ,+19 ,+5 ,+3 ,-5
1.9615279 ,Left ,+16 ,+2 ,+2 ,-6 ,-8 ,-1 ,-2 ,+3
1.9615329 ,Left ,+7 ,+2 ,+1 ,+8 ,+6 ,+2 ,+3 ,+5
1.9767338 ,Left ,-16 ,-3 ,0  ,+3 ,-6 ,-1 ,-2 ,-3
1.9767384 ,Left ,+5 ,-3 ,-3 ,-3 ,-10 ,-5 ,+13 ,-1
1.9841051 ,Left ,-3 ,+2 ,-1 ,-8 ,-14 ,-4 ,-32 ,-9
1.9841111 ,Left ,-2 ,-1 ,+2 ,+5 ,+3 ,+7 ,-6 ,-3
1.9915765 ,Left ,-10 ,-3 ,+2 ,+2 ,+26 ,+11 ,+25 ,+3
1.9915829 ,Left ,+16 ,+1 ,0  ,-6 ,-14 ,-5 ,+11 ,+2
1.9992168 ,Left ,-26 ,+1 ,+2 ,+6 ,-4 ,+4 ,+24 ,-17
1.9992242 ,Left ,+17 ,-8 ,-8 ,-12 ,+3 ,-2 ,-11 ,+53
2.0140592 ,Left ,-10 ,-8 ,-3 ,-4 ,-9 ,+5 ,-21 ,-8
2.0140657 ,Left ,+13 ,+11 ,+8 ,+11 ,+14 ,+5 ,+9 ,-28
2.0217557 ,Left ,+16 ,+10 ,+6 ,+5 ,+4 ,-2 ,+4 ,+8
2.021764 ,Left ,-7 ,-5 ,-3 ,-10 ,-9 ,-4 ,-2 ,-9
2.0365873 ,Left ,-6 ,0  ,+1 ,+2 ,-4 ,-3 ,+12 ,0 
2.0365943 ,Left ,-14 ,-12 ,-11 ,-11 ,-26 ,-5 ,-17 ,+2
2.0442095 ,Left ,-8 ,-10 ,-3 ,+1 ,+5 ,-3 ,-1 ,-12
2.0442151 ,Left ,+4 ,+12 ,+7 ,+6 ,+7 ,0  ,0  ,-5
2.0516156 ,Left ,+5 ,+8 ,0  ,-2 ,-4 ,-3 ,-4 ,+6
2.0516214 ,Left ,-10 ,-12 ,-1 ,+4 ,+16 ,0  ,-4 ,-2
2.0592949 ,Left ,-1 ,+2 ,-6 ,-23 ,-5 ,0  ,-9 ,+1
2.0593009 ,Left ,-1 ,-8 ,-8 ,-2 ,-38 ,-15 ,+10 ,-5
2.0741619 ,Left ,-5 ,+4 ,+7 ,+7 ,-7 ,-3 ,-8 ,-6
2.074168 ,Left ,+2 ,+8 ,+1 ,-8 ,-20 ,-6 ,-10 ,+3
2.081628 ,Left ,+3 ,-4 ,-2 ,+12 ,+16 ,-1 ,+8 ,+9
2.0816337 ,Left ,-19 ,-12 ,-5 ,-4 ,+12 ,-3 ,-2 ,-11
2.1040873 ,Left ,+21 ,+2 ,-2 ,-2 ,-8 ,+4 ,-3 ,-3
2.1040933 ,Left ,-4 ,0  ,+5 ,+4 ,+20 ,+9 ,-2 ,+6
2.1192052 ,Left ,-11 ,-4 ,-3 ,+2 ,+2 ,-9 ,-9 ,-13
2.1192108 ,Left ,-1 ,-3 ,-5 ,0  ,+2 ,+1 ,-3 ,+9
2.1266635 ,Left ,-17 ,+4 ,+4 ,+8 ,+8 ,-3 ,+5 ,-23
2.1266694 ,Left ,+22 ,+3 ,+1 ,+2 ,-6 ,+1 ,+3 ,+55
2.1414915 ,Left ,-10 ,-4 ,-3 ,-6 ,-5 ,+1 ,+9 ,-4
2.1414972 ,Left ,+16 ,+6 ,+1 ,+8 ,+7 ,+1 ,+7 ,+10
2.1490987 ,Left ,+3 ,-7 ,-3 ,-8 ,-6 ,-2 ,-3 ,-33
2.1491044 ,Left ,-7 ,+5 ,+6 ,+3 ,+6 ,+6 ,-16 ,-13
2.156659 ,Left ,-8 ,-6 ,-6 ,+4 ,+34 ,+3 ,+43 ,+19
2.1566646 ,Left ,-25 ,-1 ,-4 ,-7 ,-27 ,-10 ,-18 ,+20
2.171671 ,Left ,+3 ,-2 ,-3 ,-8 ,+6 ,+7 ,-34 ,-17
2.1716762 ,Left ,-6 ,-3 ,+3 ,+8 ,+18 ,+3 ,+8 ,-13
2.1790222 ,Left ,-7 ,+1 ,0  ,+5 ,0  ,-7 ,0  ,+19
2.1790273 ,Left ,-2 ,-1 ,0  ,+8 ,+2 ,+2 ,-11 ,-25
2.193974 ,Left ,-5 ,+2 ,0  ,-10 ,-10 ,-9 ,-2 ,+1
2.1939793 ,Left ,-6 ,-8 ,-4 ,-6 ,+5 ,-2 ,+6 ,+1
2.201502 ,Left ,+8 ,+4 ,+7 ,+9 ,-1 ,+2 ,-4 ,+14
2.2015076 ,Left ,+3 ,+6 ,0  ,-4 ,0  ,+2 ,-2 ,-17
2.2166264 ,Left ,-3 ,-1 ,-3 ,+2 ,-6 ,-2 ,+5 ,+5
2.2166757 ,Left ,0  ,-5 ,-7 ,-10 ,+2 ,+4 ,-8 ,-11
2.2241109 ,Left ,+5 ,-11 ,-8 ,-12 ,+6 ,+1 ,+12 ,+18
2.2241142 ,Left ,-12 ,-3 ,+4 ,+1 ,+1 ,-1 ,0  ,-17
2.2312815 ,Left ,+1 ,+1 ,0  ,+9 ,-17 ,-5 ,-15 ,-3
2.2312844 ,Left ,+3 ,+3 ,-5 ,-11 ,-5 ,-5 ,-7 ,-5
2.2389341 ,Left ,-6 ,-2 ,+1 ,+9 ,+4 ,+6 ,+13 ,+12
2.2389371 ,Left ,+2 ,-3 ,-9 ,-5 ,+1 ,-2 ,-2 ,-9
2.2620472 ,Left ,-3 ,-4 ,-2 ,-14 ,-9 ,-4 ,-9 ,-4
2.2620596 ,Left ,-1 ,+1 ,+3 ,+17 ,+6 ,+6 ,0  ,-1
2.2696422 ,Left ,+2 ,-1 ,-4 ,-5 ,+1 ,-4 ,+5 ,+7
2.2696547 ,Left ,-8 ,-6 ,-5 ,-7 ,-9 ,-8 ,-4 ,-15
2.2839035 ,Left ,+3 ,-2 ,0  ,-2 ,0  ,0  ,-2 ,0 
2.2839064 ,Left ,0  ,+1 ,-3 ,-2 ,-6 ,-1 ,+1 ,-2
2.2913258 ,Left ,-3 ,+1 ,-2 ,+1 ,+2 ,+2 ,+1 ,+5
2.2913493 ,Left ,-2 ,+2 ,+1 ,+7 ,+8 ,0  ,-5 ,-6
2.29879 ,Left ,-1 ,+1 ,-1 ,-4 ,-27 ,-5 ,+1 ,+2
2.2987932 ,Left ,-3 ,-4 ,-1 ,+1 ,+9 ,+7 ,-3 ,-3
2.306452 ,Left ,-1 ,-3 ,-4 ,-4 ,-1 ,-1 ,-2 ,0 
2.3064553 ,Left ,+4 ,-1 ,+1 ,+4 ,0  ,+4 ,-1 ,-3
2.3139069 ,Left ,-5 ,0  ,0  ,+1 ,+10 ,-1 ,0  ,0 
2.3139105 ,Left ,0  ,0  ,+1 ,-2 ,-14 ,-6 ,-3 ,-2
2.3214116 ,Left ,0  ,-1 ,-1 ,-1 ,-14 ,0  ,-1 ,+4
2.3214369 ,Left ,-4 ,+1 ,-1 ,-2 ,-15 ,-9 ,0  ,-4
2.3366384 ,Left ,-3 ,-6 ,-3 ,-7 ,-8 ,+7 ,+2 ,-1
2.3366423 ,Left ,-2 ,-3 ,-2 ,-1 ,+1 ,-19 ,-9 ,0 
2.3440635 ,Left ,+2 ,+3 ,+2 ,+4 ,+3 ,-3 ,+9 ,+4
2.3440675 ,Left ,0  ,-2 ,-3 ,-2 ,+6 ,+11 ,-7 ,-9
2.3514907 ,Left ,+3 ,+1 ,+2 ,+6 ,+13 ,+2 ,-3 ,-2
2.351495 ,Left ,-2 ,-1 ,-4 ,-8 ,-6 ,+17 ,+2 ,+1
2.3591627 ,Left ,-4 ,-6 ,-6 ,-3 ,-11 ,-21 ,-1 ,0 
2.3591656 ,Left ,-3 ,+3 ,+7 ,+8 ,+3 ,-6 ,-4 ,-4
2.3739562 ,Left ,+5 ,-3 ,-4 ,-4 ,+3 ,+2 ,-1 ,0 
2.3739597 ,Left ,+3 ,-2 ,+1 ,+1 ,0  ,+6 ,+3 ,-4
2.3820051 ,Left ,-4 ,-5 ,-1 ,-1 ,+12 ,+6 ,-2 ,-1
2.3820173 ,Left ,0  ,+1 ,+1 ,-2 ,-15 ,-1 ,0  ,+1
2.397003 ,Left ,0  ,-2 ,-2 ,+1 ,+17 ,-11 ,-7 ,-1
2.3971722 ,Left ,-1 ,-2 ,-4 ,-5 ,-14 ,-10 ,0  ,-1
2.4046435 ,Left ,0  ,-5 ,-7 ,-8 ,-9 ,-9 ,-4 ,-1
2.4046568 ,Left ,-4 ,0  ,-1 ,-1 ,+7 ,-1 ,0  ,-3
2.412087 ,Left ,-5 ,-3 ,0  ,0  ,+1 ,+4 ,-3 ,-2
2.412101 ,Left ,+6 ,+2 ,+1 ,0  ,+10 ,0  ,-1 ,-1
2.4194963 ,Left ,-6 ,-2 ,-2 ,-1 ,-2 ,+8 ,-3 ,-1
2.4195086 ,Left ,+1 ,-3 ,-2 ,+1 ,+12 ,-18 ,-1 ,-1
2.4345009 ,Left ,-8 ,-3 ,-3 ,-16 ,-16 ,-6 ,-3 ,-3
2.4345132 ,Left ,+2 ,-1 ,-3 ,+4 ,-9 ,+5 ,0  ,-2
2.4419055 ,Left ,0  ,+1 ,+3 ,-1 ,+7 ,+6 ,0  ,0 
2.4420288 ,Left ,-5 ,-2 ,-2 ,-1 ,-9 ,-1 ,-2 ,-1
2.4570866 ,Left ,+1 ,0  ,+2 ,+4 ,+3 ,+4 ,+1 ,0 
2.4570989 ,Left ,-4 ,-2 ,+1 ,-13 ,+19 ,-2 ,-3 ,-1
2.4644851 ,Left ,+3 ,+2 ,+1 ,+9 ,-10 ,-6 ,-1 ,+1
2.4646884 ,Left ,-4 ,-2 ,-3 ,-7 ,-3 ,-8 ,-2 ,-2
2.4718615 ,Left ,-1 ,0  ,0  ,+4 ,-7 ,+4 ,0  ,-2
2.4719654 ,Left ,-3 ,+2 ,0  ,+9 ,+16 ,+7 ,+3 ,0 
2.4796675 ,Left ,+3 ,+1 ,+1 ,+5 ,+7 ,+1 ,-4 ,-2
2.4796806 ,Left ,-7 ,-1 ,-1 ,0  ,-1 ,+5 ,-3 ,-7
2.4945186 ,Left ,+3 ,-1 ,-2 ,-3 ,+1 ,0  ,-1 ,+9
2.4945312 ,Left ,-6 ,-2 ,0  ,+1 ,-25 ,-14 ,-10 ,-11
2.5019547 ,Left ,-8 ,-5 ,-3 ,-3 ,-1 ,+8 ,+10 ,+2
2.5019668 ,Left ,+9 ,+1 ,-3 ,-13 ,-9 ,-8 ,+13 ,+2
2.5168471 ,Left ,-5 ,0  ,-3 ,+4 ,+11 ,+5 ,-3 ,+5
2.516951 ,Left ,-2 ,-2 ,-3 ,-3 ,-11 ,-10 ,-10 ,-8
2.5241766 ,Left ,+5 ,+5 ,+1 ,+1 ,0  ,+2 ,+4 ,+16
2.5241832 ,Left ,+1 ,+4 ,+3 ,0  ,+2 ,+8 ,-2 ,-5
2.5315978 ,Left ,-7 ,-4 ,+1 ,+3 ,-8 ,-6 ,0  ,-16
2.5316031 ,Left ,0  ,-3 ,-6 ,-13 ,+1 ,+7 ,+2 ,+9
2.5390116 ,Left ,+8 ,+3 ,-4 ,+3 ,+11 ,+5 ,0  ,-13
2.5390171 ,Left ,+2 ,-7 ,-3 ,-4 ,-13 ,-11 ,-1 ,+27
2.5542528 ,Left ,-2 ,0  ,+2 ,-3 ,+3 ,0  ,-5 ,-9
2.554258 ,Left ,+1 ,+1 ,+1 ,+7 ,+2 ,+1 ,+1 ,-7
2.5614502 ,Left ,-15 ,+1 ,+1 ,-3 ,-2 ,+2 ,0  ,+3
2.5614933 ,Left ,0  ,-8 ,-5 ,-2 ,-5 ,-5 ,+8 ,-4
2.5764036 ,Left ,+5 ,-1 ,-2 ,-5 ,+6 ,-3 ,-1 ,+4
2.5764064 ,Left ,+1 ,-3 ,+1 ,0  ,-4 ,0  ,+7 ,-2
2.5838382 ,Left ,0  ,+3 ,0  ,-5 ,-29 ,-4 ,-2 ,-1
2.5838414 ,Left ,-7 ,-2 ,-4 ,0  ,+24 ,-6 ,-6 ,-8
2.5915142 ,Left ,-2 ,-7 ,-6 ,-5 ,-7 ,+6 ,-1 ,+3
2.5915175 ,Left ,-2 ,0  ,+4 ,+8 ,+9 ,-12 ,+3 ,0 
2.5990685 ,Left ,+4 ,+9 ,+2 ,-16 ,-8 ,-7 ,-5 ,0 
2.5990725 ,Left ,+1 ,+7 ,+3 ,+5 ,-25 ,+5 ,-8 ,-4
2.6141275 ,Left ,+1 ,+1 ,+1 ,+2 ,-1 ,+4 ,+3 ,-1
2.6141305 ,Left ,0  ,-1 ,-4 ,-6 ,+7 ,+1 ,0  ,+4
2.6214071 ,Left ,-7 ,-9 ,-4 ,-5 ,+20 ,+4 ,+1 ,-3
2.6214105 ,Left ,-4 ,-9 ,-9 ,-15 ,-13 ,-1 ,-11 ,-9
2.6364609 ,Left ,-3 ,+3 ,+3 ,-4 ,+1 ,-4 ,+2 ,+3
2.6364747 ,Left ,+2 ,+2 ,+3 ,+11 ,+8 ,+10 ,0  ,+2
2.643943 ,Left ,0  ,-2 ,0  ,+1 ,-7 ,-5 ,0  ,-5
2.6439475 ,Left ,-5 ,-3 ,-6 ,-14 ,-7 ,-1 ,-2 ,0 
2.6516074 ,Left ,-8 ,-7 ,0  ,+18 ,+14 ,-2 ,0  ,-2
2.6516131 ,Left ,0  ,-3 ,-2 ,0  ,0  ,-5 ,-4 ,0 
2.6591193 ,Left ,+11 ,+3 ,+3 ,-6 ,-10 ,+2 ,+9 ,+1
2.6591248 ,Left ,+1 ,+3 ,+4 ,+16 ,+11 ,+4 ,-14 ,+1
2.6740173 ,Left ,-9 ,-5 ,-5 ,-3 ,-9 ,-7 ,-12 ,-8
2.6741492 ,Left ,-5 ,+2 ,+1 ,-16 ,+2 ,+8 ,-3 ,-12
2.6818001 ,Left ,0  ,-6 ,-5 ,+4 ,+7 ,-4 ,-4 ,+7
2.6818082 ,Left ,0  ,-2 ,0  ,-2 ,+3 ,+6 ,+8 ,-1
2.6966103 ,Left ,+5 ,+3 ,0  ,-5 ,-30 ,-6 ,+1 ,+15
2.6966178 ,Left ,0  ,-4 ,-5 ,-6 ,-4 ,-20 ,-25 ,-1
2.7043872 ,Left ,-8 ,-6 ,-1 ,+4 ,-6 ,+10 ,-2 ,-17
2.7043955 ,Left ,-1 ,-4 ,-2 ,+2 ,+12 ,-14 ,-5 ,-7
2.7118659 ,Left ,-18 ,+1 ,+1 ,+1 ,+5 ,+3 ,0  ,-8
2.7118753 ,Left ,+4 ,-1 ,-3 ,-1 ,-11 ,0  ,+5 ,+3
2.7191273 ,Left ,-2 ,+2 ,+5 ,+5 ,+14 ,0  ,+2 ,+1
2.7192213 ,Left ,+10 ,+8 ,-5 ,-10 ,-20 ,+3 ,-5 ,-7
2.7342136 ,Left ,0  ,-7 ,-5 ,+3 ,+8 ,-4 ,+3 ,-1
2.7342762 ,Left ,+1 ,+1 ,+2 ,-22 ,-20 ,+2 ,+3 ,+9
2.7417163 ,Left ,+2 ,0  ,0  ,+8 ,+8 ,-8 ,-8 ,-3
2.7417244 ,Left ,-12 ,-8 ,+1 ,+17 ,+26 ,+6 ,+8 ,-5
2.7492979 ,Left ,+8 ,+7 ,+6 ,-16 ,-16 ,-7 ,-2 ,+8
2.7493062 ,Left ,-1 ,-5 ,-4 ,+10 ,+23 ,+3 ,+6 ,-1
2.7567547 ,Left ,+1 ,+2 ,+5 ,+14 ,+5 ,-5 ,-4 ,-2
2.7568867 ,Left ,-1 ,-2 ,-11 ,-16 ,-1 ,+4 ,+1 ,+4
2.7718314 ,Left ,-4 ,-12 ,-9 ,-20 ,-5 ,-3 ,0  ,-5
2.7719123 ,Left ,-4 ,+10 ,+13 ,+31 ,+21 ,+4 ,+4 ,0 
2.7794629 ,Left ,-1 ,-5 ,-8 ,-15 ,-20 ,-5 ,-3 ,-1
2.7794711 ,Left ,-4 ,-5 ,+1 ,+4 ,-2 ,-8 ,-3 ,+1
2.7942753 ,Left ,+9 ,+2 ,+1 ,+3 ,+16 ,+6 ,-1 ,0 
2.7942838 ,Left ,+2 ,-3 ,-4 ,-3 ,+8 ,-10 ,+25 ,-7
2.8016415 ,Left ,-15 ,-9 ,-6 ,-9 ,-6 ,-6 ,-34 ,-52
2.8016496 ,Left ,-6 ,+4 ,+8 ,+13 ,-9 ,-2 ,-3 ,+52
2.8166937 ,Left ,+29 ,0  ,-2 ,+5 ,0  ,+22 ,+28 ,-8
2.8167019 ,Left ,+9 ,-2 ,+1 ,-8 ,+20 ,+5 ,-25 ,+68
2.8242878 ,Left ,-2 ,-2 ,-7 ,-1 ,+6 ,-6 ,+5 ,+1
2.8242971 ,Left ,-7 ,-1 ,+1 ,+2 ,-5 ,0  ,+9 ,-20
2.8316044 ,Left ,+1 ,+4 ,+4 ,+7 ,-2 ,-6 ,-39 ,-27
2.8316129 ,Left ,-16 ,-5 ,-6 ,-5 ,-19 ,-5 ,+23 ,+11
2.839245 ,Left ,-8 ,-6 ,-6 ,-4 ,+2 ,+7 ,-3 ,-10
2.8392532 ,Left ,0  ,-1 ,+2 ,-5 ,-7 ,+8 ,-46 ,+2
2.8541201 ,Left ,+7 ,+9 ,+5 ,0  ,0  ,-6 ,+8 ,+5
2.8541431 ,Left ,-3 ,0  ,-2 ,+3 ,-16 ,+2 ,-8 ,-32
2.8616759 ,Left ,+4 ,-2 ,-2 ,+1 ,+32 ,+10 ,+15 ,+40
2.8616839 ,Left ,-9 ,-7 ,-5 ,-5 ,-20 ,-15 ,+24 ,-35
2.8768827 ,Left ,-1 ,-2 ,-2 ,-17 ,-16 ,-6 ,-13 ,+23
2.8770174 ,Left ,-2 ,+1 ,+2 ,-10 ,-8 ,+1 ,-8 ,-25
2.8843115 ,Left ,+6 ,+1 ,+1 ,+19 ,+1 ,-3 ,+2 ,+8
2.8843194 ,Left ,+9 ,+4 ,+4 ,+5 ,+1 ,+4 ,+10 ,+6
2.8918261 ,Left ,-14 ,-14 ,-15 ,-18 ,0  ,+2 ,+3 ,-10
2.8918451 ,Left ,-2 ,-2 ,+1 ,-9 ,-2 ,-2 ,-5 ,-7
2.8993455 ,Left ,+3 ,+15 ,+9 ,+14 ,-9 ,-2 ,+7 ,+11
2.8993537 ,Left ,+4 ,0  ,-1 ,+2 ,-2 ,+5 ,-1 ,-3
2.9143422 ,Left ,-9 ,-4 ,-4 ,-8 ,+9 ,-6 ,-2 ,-1
2.9143505 ,Left ,-10 ,-15 ,-13 ,-6 ,+1 ,+3 ,+7 ,-2
2.9217656 ,Left ,0  ,-8 ,-5 ,-19 ,-26 ,-4 ,-10 ,-9
2.9217745 ,Left ,+3 ,+4 ,+4 ,+10 ,+9 ,+2 ,-2 ,-6
2.9367937 ,Left ,-3 ,+12 ,+4 ,+25 ,+13 ,-7 ,0  ,+8
2.9371124 ,Left ,+8 ,-12 ,-10 ,-20 ,-16 ,-5 ,+31 ,-2
2.9443136 ,Left ,-27 ,-4 ,+1 ,-12 ,+3 ,+11 ,-19 ,0 
2.9444647 ,Left ,-1 ,+2 ,0  ,+1 ,+5 ,+3 ,+5 ,-1
2.9518516 ,Left ,+20 ,-1 ,-5 ,-16 ,-8 ,-2 ,+11 ,+8
2.9519857 ,Left ,-33 ,0  ,+1 ,+14 ,-8 ,-5 ,+32 ,-46
2.9593108 ,Left ,+32 ,+3 ,+4 ,+8 ,+6 ,-2 ,-23 ,+46
2.959414 ,Left ,-33 ,-7 ,-5 ,-14 ,+4 ,-4 ,-47 ,0 
2.9746949 ,Left ,+31 ,-6 ,-6 ,-17 ,-29 ,-3 ,+5 ,-4
2.9747092 ,Left ,-6 ,-1 ,-4 ,+4 ,-6 ,-2 ,+3 ,-3
2.9821965 ,Left ,-7 ,-5 ,0  ,+1 ,0  ,-6 ,-3 ,-35
2.9822089 ,Left ,+17 ,+7 ,+4 ,+6 ,0  ,+7 ,+28 ,+45
2.9968399 ,Left ,-21 ,-4 ,+2 ,+10 ,+27 ,-1 ,-13 ,-21
2.996852 ,Left ,+16 ,-4 ,-9 ,-13 ,-50 ,-8 ,-34 ,+16
3.0043211 ,Left ,-8 ,+1 ,+2 ,+1 ,+9 ,0  ,+16 ,-17
3.0043278 ,Left ,+12 ,+3 ,+1 ,-3 ,+10 ,-5 ,+3 ,-5
3.0116711 ,Left ,-17 ,-6 ,-3 ,+6 ,+7 ,+3 ,+4 ,+23
3.0117298 ,Left ,-10 ,-11 ,-4 ,-9 ,+8 ,-17 ,-14 ,-22
3.0188359 ,Left ,-8 ,-9 ,-1 ,+14 ,+26 ,-3 ,-1 ,0 
3.0188383 ,Left ,+15 ,+15 ,+7 ,-14 ,-23 ,-4 ,+9 ,-16
3.0338462 ,Left ,-3 ,+6 ,0  ,+11 ,+7 ,+5 ,+2 ,-2
3.033859 ,Left ,+3 ,+6 ,+8 ,+10 ,+9 ,+2 ,-21 ,+6
3.0415192 ,Left ,+2 ,-5 ,-7 ,-7 ,-1 ,-6 ,+13 ,+11
3.0415223 ,Left ,-12 ,-18 ,-10 ,-3 ,+11 ,-3 ,+1 ,-13
3.0566222 ,Left ,-10 ,0  ,+1 ,-10 ,-10 ,+3 ,-1 ,-7
3.0566256 ,Left ,+11 ,+4 ,+6 ,+31 ,+18 ,+4 ,-4 ,+20
3.0639782 ,Left ,-3 ,+1 ,-2 ,-10 ,-8 ,-3 ,+8 ,-4
3.0639815 ,Left ,0  ,-10 ,-12 ,+5 ,+6 ,+8 ,+5 ,-5
3.0715341 ,Left ,-3 ,-3 ,+2 ,-3 ,-18 ,-4 ,-7 ,-2
3.0715383 ,Left ,+5 ,+9 ,+4 ,-3 ,+12 ,+5 ,+2 ,+4
3.0789393 ,Left ,+9 ,+16 ,+8 ,+11 ,-25 ,-3 ,+2 ,-1
3.0789426 ,Left ,-1 ,+1 ,0  ,-6 ,+3 ,+2 ,-5 ,-6
3.0939129 ,Left ,-7 ,-14 ,-14 ,+4 ,-11 ,-6 ,+1 ,+2
3.0939165 ,Left ,-27 ,-9 ,-6 ,-10 ,+1 ,-3 ,-5 ,-6
3.1014452 ,Left ,+11 ,-7 ,-7 ,-22 ,-7 ,+1 ,-2 ,-6
3.1014496 ,Left ,-8 ,-2 ,-3 ,-5 ,-9 ,+1 ,+1 ,+4
3.1165932 ,Left ,-3 ,-1 ,+2 ,+3 ,0  ,-4 ,+1 ,-9
3.1165988 ,Left ,+10 ,+6 ,+4 ,+7 ,+1 ,+4 ,0  ,+8
3.1239937 ,Left ,-22 ,-2 ,-2 ,+6 ,-4 ,-4 ,-3 ,-4
3.1240001 ,Left ,+3 ,-5 ,+1 ,-8 ,-5 ,-8 ,-4 ,-10
3.1317764 ,Left ,-12 ,+1 ,+3 ,-3 ,+2 ,+6 ,0  ,+3
3.1318897 ,Left ,-1 ,-3 ,-4 ,0  ,-5 ,0  ,-5 ,+2
3.1390545 ,Left ,+24 ,+1 ,0  ,-3 ,+2 ,-4 ,+5 ,+3
3.1390612 ,Left ,-17 ,0  ,0  ,-1 ,-3 ,+6 ,+12 ,-18
3.1541751 ,Left ,+6 ,+2 ,+4 ,+4 ,-1 ,-1 ,-17 ,+23
3.1541823 ,Left ,+3 ,-1 ,-3 ,-5 ,+1 ,-2 ,+7 ,-11
3.161709 ,Left ,-6 ,-3 ,-4 ,-1 ,-5 ,0  ,-13 ,+13
3.1617156 ,Left ,+14 ,+6 ,+3 ,-1 ,-5 ,-4 ,+1 ,-6
3.1767477 ,Left ,-7 ,+4 ,+4 ,+9 ,+10 ,+2 ,+22 ,-7
3.1767549 ,Left ,+7 ,-6 ,-5 ,-10 ,-9 ,+1 ,-1 ,+16
3.1841468 ,Left ,+3 ,-2 ,0  ,-2 ,-3 ,-5 ,0  ,-9
3.1841536 ,Left ,0  ,+2 ,-1 ,+7 ,+9 ,-2 ,-9 ,+6
3.1917248 ,Left ,-6 ,+1 ,-1 ,-4 ,-10 ,0  ,0  ,-3
3.1917735 ,Left ,+5 ,-6 ,-3 ,-2 ,+1 ,-28 ,+13 ,+1
3.1991744 ,Left ,-5 ,-2 ,-1 ,0  ,+3 ,+11 ,-47 ,+6
3.199181 ,Left ,+16 ,+6 ,+5 ,+5 ,+8 ,-1 ,+3 ,-18
3.2142686 ,Left ,0  ,+2 ,0  ,-2 ,-14 ,-2 ,-2 ,+31
3.2142753 ,Left ,-5 ,+6 ,+4 ,+1 ,-3 ,+9 ,+6 ,-26
3.2215325 ,Left ,-3 ,-8 ,-7 ,-10 ,-11 ,-19 ,+10 ,+12
3.2216041 ,Left ,-17 ,-17 ,-7 ,+1 ,0  ,+7 ,-3 ,-5
3.2366516 ,Left ,+8 ,+9 ,-3 ,-26 ,-6 ,-4 ,-2 ,-18
3.236658 ,Left ,+6 ,+5 ,+9 ,+11 ,+21 ,+11 ,-7 ,+9
3.2442142 ,Left ,-8 ,-7 ,-12 ,-18 ,-42 ,-11 ,+9 ,-5
3.2442213 ,Left ,+2 ,+5 ,+4 ,+16 ,+5 ,+1 ,-7 ,+8
3.2516828 ,Left ,-13 ,-8 ,-10 ,-9 ,+3 ,-2 ,+1 ,-9
3.2516901 ,Left ,+11 ,+1 ,-1 ,-7 ,-8 ,+8 ,-4 ,+9
3.2593463 ,Left ,-7 ,-1 ,+2 ,+6 ,+18 ,+3 ,0  ,-14
3.2593531 ,Left ,-5 ,+3 ,+5 ,-1 ,-13 ,-10 ,+2 ,+6
3.2740315 ,Left ,0  ,-6 ,+3 ,+20 ,-7 ,+4 ,-7 ,-4
3.2740376 ,Left ,-6 ,+3 ,-8 ,-15 ,+23 ,+1 ,-8 ,-5
3.2817445 ,Left ,-2 ,-9 ,-7 ,-16 ,-25 ,+3 ,+9 ,-5
3.2817515 ,Left ,+3 ,-6 ,-4 ,-3 ,+7 ,+5 ,-2 ,+4
3.2964688 ,Left ,-2 ,-1 ,+4 ,+11 ,+28 ,+6 ,+5 ,-15
3.296475 ,Left ,-16 ,-3 ,-1 ,+5 ,-11 ,-3 ,-21 ,-10
3.3042453 ,Left ,+16 ,+3 ,+3 ,+2 ,+15 ,+20 ,+63 ,+50
3.304252 ,Left ,-16 ,0  ,-2 ,-7 ,-6 ,-7 ,-14 ,-46
3.3116846 ,Left ,+27 ,+6 ,+4 ,+3 ,+5 ,+8 ,+14 ,+61
3.3116912 ,Left ,+15 ,0  ,-1 ,+2 ,-10 ,+1 ,+3 ,-16
3.3192849 ,Left ,-12 ,+7 ,+4 ,+12 ,+15 ,0  ,-7 ,-9
3.3192917 ,Left ,-3 ,+2 ,0  ,+6 ,-5 ,-8 ,+39 ,+11
3.3340659 ,Left ,+11 ,-5 ,-3 ,-11 ,-12 ,-2 ,-26 ,-29
3.3340724 ,Left ,-8 ,-2 ,-4 ,-7 ,-4 ,+8 ,-9 ,+26
3.3416278 ,Left ,+7 ,+1 ,+2 ,-1 ,-7 ,-4 ,+3 ,+14
3.3416348 ,Left ,-8 ,-2 ,-3 ,-1 ,-1 ,+1 ,+2 ,+25
3.3566156 ,Left ,-3 ,-1 ,-3 ,-8 ,-2 ,-11 ,-6 ,-27
3.3566222 ,Left ,-3 ,-4 ,-2 ,+5 ,-3 ,-5 ,+2 ,+1
3.364261 ,Left ,-4 ,0  ,+3 ,+6 ,+5 ,+2 ,-13 ,-19
3.3642678 ,Left ,+4 ,+2 ,-5 ,-24 ,-27 ,-19 ,-23 ,-2
3.3716672 ,Left ,-5 ,-3 ,+4 ,+11 ,-8 ,-3 ,-5 ,-6
3.3716753 ,Left ,+1 ,-1 ,0  ,-5 ,+3 ,-3 ,+3 ,-1
3.3790106 ,Left ,-8 ,-16 ,-17 ,-17 ,0  ,-4 ,-2 ,-14
3.379017 ,Left ,+6 ,+1 ,+5 ,+1 ,-4 ,+3 ,-6 ,+1
3.3941634 ,Left ,-3 ,+5 ,-1 ,+7 ,+6 ,-4 ,+7 ,+2
3.3941705 ,Left ,-8 ,-7 ,-4 ,-11 ,-23 ,-4 ,+3 ,0 
3.4015903 ,Left ,+2 ,+1 ,-2 ,+4 ,+9 ,-5 ,-8 ,-12
3.4015972 ,Left ,-1 ,-10 ,-7 ,-13 ,-7 ,0  ,-5 ,+7
3.4168201 ,Left ,-8 ,0  ,0  ,-2 ,+4 ,+1 ,-4 ,-4
3.4169289 ,Left ,-2 ,+2 ,0  ,+5 ,+6 ,+6 ,0  ,-3
3.4243817 ,Left ,0  ,+1 ,0  ,0  ,+1 ,-5 ,-4 ,-7
3.4243936 ,Left ,-5 ,-6 ,-4 ,+2 ,0  ,+4 ,-1 ,+4
3.4320206 ,Left ,+6 ,-1 ,-1 ,-2 ,-2 ,-5 ,+4 ,-2
3.4320343 ,Left ,-3 ,-3 ,-4 ,-4 ,+1 ,-6 ,-1 ,-6
3.4466325 ,Left ,0  ,+2 ,+7 ,+7 ,-8 ,-2 ,-6 ,-4
3.4466356 ,Left ,+6 ,+5 ,+1 ,+3 ,+26 ,+6 ,+3 ,+4
3.4539286 ,Left ,-5 ,-5 ,-2 ,-4 ,-13 ,-5 ,-5 ,-5
3.4539316 ,Left ,-1 ,-3 ,-2 ,+3 ,+9 ,+8 ,+1 ,+2
3.4691433 ,Left ,-2 ,+1 ,-2 ,+4 ,-3 ,-10 ,-7 ,-6
3.4691463 ,Left ,-2 ,-3 ,+2 ,+2 ,+1 ,0  ,+1 ,0 
3.4763519 ,Left ,-6 ,-4 ,-3 ,-4 ,+20 ,+11 ,+2 ,-3
3.476355 ,Left ,+3 ,0  ,0  ,+2 ,-10 ,-2 ,0  ,+3
3.4915052 ,Left ,-4 ,-1 ,-3 ,+3 ,+2 ,+5 ,-1 ,-2
3.4915087 ,Left ,+8 ,+3 ,+6 ,+7 ,+2 ,+7 ,+8 ,+2
3.506672 ,Left ,-1 ,+4 ,0  ,+1 ,+3 ,-10 ,-7 ,-2
3.5066752 ,Left ,-9 ,-11 ,-8 ,-8 ,-11 ,-3 ,-1 ,-4
3.5140103 ,Left ,-2 ,-3 ,-5 ,-9 ,-2 ,-6 ,-1 ,0 
3.5140141 ,Left ,+2 ,+3 ,+5 ,+7 ,-2 ,-9 ,-1 ,0 
3.5291012 ,Left ,-3 ,-3 ,+2 ,-1 ,+3 ,-8 ,-2 ,-3
3.5291052 ,Left ,+5 ,+1 ,-1 ,-2 ,+13 ,+13 ,+1 ,-1
3.5365007 ,Left ,-6 ,-4 ,-2 ,+3 ,-11 ,-5 ,+3 ,-1
3.536505 ,Left ,-2 ,-4 ,-5 ,-4 ,+3 ,+8 ,-3 ,-2
3.5516074 ,Left ,0  ,-2 ,-2 ,-7 ,+2 ,-5 ,-2 ,-3
3.5516133 ,Left ,-4 ,-3 ,-1 ,+6 ,+23 ,+8 ,0  ,0 
3.5666299 ,Left ,-4 ,-1 ,-1 ,-5 ,-36 ,-24 ,-3 ,-1
3.5666354 ,Left ,-2 ,-6 ,+1 ,+6 ,+9 ,0  ,-4 ,+1
3.574222 ,Left ,+2 ,+10 ,+6 ,-1 ,-10 ,0  ,-2 ,0 
3.5742279 ,Left ,+5 ,+4 ,+1 ,-3 ,+14 ,+4 ,-2 ,-1
3.5893145 ,Left ,-5 ,-6 ,-1 ,-5 ,-15 ,-4 ,+1 ,+1
3.5893201 ,Left ,-3 ,+1 ,+1 ,+3 ,+6 ,-1 ,-3 ,-1
3.6041205 ,Left ,+2 ,+6 ,+4 ,+3 ,-12 ,+2 ,+2 ,0 
3.6041262 ,Left ,0  ,-3 ,-3 ,-3 ,-3 ,+4 ,0  ,-1
3.6115706 ,Left ,-2 ,-4 ,-6 ,-7 ,-5 ,-5 ,-1 ,-2
3.611581 ,Left ,-3 ,-3 ,-1 ,+1 ,+7 ,-3 ,-3 ,-2
3.6266512 ,Left ,+3 ,-4 ,-4 ,-6 ,-25 ,-6 ,-4 ,-4
3.6266543 ,Left ,-4 ,-3 ,+2 ,+6 ,+5 ,+1 ,+2 ,+2
3.6339469 ,Left ,0  ,-1 ,-1 ,-4 ,+6 ,0  ,-4 ,-4
3.6339499 ,Left ,-4 ,-1 ,-3 ,0  ,-11 ,0  ,+4 ,-1
3.6490561 ,Left ,+4 ,+2 ,-1 ,+1 ,+9 ,+3 ,-1 ,-2
3.6490591 ,Left ,-2 ,-1 ,-2 ,0  ,-2 ,-5 ,-8 ,-4
3.6563358 ,Left ,-3 ,-4 ,-2 ,-1 ,+5 ,+3 ,+2 ,+1
3.6563389 ,Left ,-7 ,-2 ,+1 ,-1 ,-11 ,-7 ,+2 ,+3
3.6715561 ,Left ,0  ,-1 ,-2 ,+1 ,+11 ,+1 ,-38 ,-5
3.6715605 ,Left ,0  ,-1 ,0  ,-3 ,-28 ,-7 ,0  ,-5
3.6866831 ,Left ,-5 ,-1 ,+1 ,+6 ,+19 ,+2 ,+25 ,+18
3.6866886 ,Left ,+5 ,+4 ,+2 ,0  ,+15 ,+10 ,-2 ,-6
3.69418 ,Left ,-3 ,-2 ,0  ,-5 ,-12 ,-5 ,+7 ,-5
3.6941855 ,Left ,+4 ,+5 ,+4 ,+6 ,+4 ,-6 ,-7 ,+4
3.7092732 ,Left ,0  ,-3 ,-3 ,-2 ,-8 ,+3 ,-2 ,+1
3.709279 ,Left ,+3 ,+2 ,-1 ,+3 ,+2 ,+3 ,+1 ,+6
3.7164476 ,Left ,+2 ,-1 ,-1 ,+2 ,+2 ,-2 ,+6 ,+5
3.7164529 ,Left ,-8 ,-11 ,-7 ,-9 ,-7 ,-4 ,-8 ,-15
3.7315625 ,Left ,+8 ,+7 ,+5 ,+4 ,-12 ,+7 ,+6 ,+10
3.7315684 ,Left ,+3 ,+3 ,-2 ,0  ,+1 ,-8 ,+7 ,+1
3.7466249 ,Left ,-18 ,-15 ,-6 ,-10 ,-6 ,+3 ,-4 ,-2
3.7466305 ,Left ,-8 ,-8 ,-6 ,+3 ,+8 ,-1 ,-4 ,-6
3.7542085 ,Left ,+1 ,+5 ,+2 ,+1 ,-5 ,+1 ,+1 ,0 
3.7542143 ,Left ,+10 ,+15 ,+12 ,+6 ,+12 ,+5 ,+4 ,+9
3.7692261 ,Left ,+12 ,+9 ,-1 ,-7 ,-18 ,+1 ,+1 ,+3
3.7692317 ,Left ,-2 ,-2 ,-2 ,+12 ,+8 ,-1 ,0  ,+1
3.7765067 ,Left ,-18 ,-24 ,-19 ,-18 ,-35 ,-10 ,+1 ,-6
3.7765122 ,Left ,+6 ,-7 ,-2 ,-5 ,+8 ,-2 ,-3 ,-1
3.7920184 ,Left ,0  ,-3 ,-3 ,0  ,+11 ,0  ,+2 ,-3
3.7920308 ,Left ,-9 ,-10 ,-11 ,-2 ,-23 ,-1 ,-1 ,-14
3.8071429 ,Left ,-21 ,+1 ,0  ,+4 ,+32 ,+3 ,+11 ,+14
3.8071548 ,Left ,+5 ,-5 ,-4 ,-15 ,-23 ,-9 ,-28 ,-42
3.814567 ,Left ,-8 ,-1 ,0  ,+20 ,+37 ,+2 ,+27 ,+56
3.8145792 ,Left ,+4 ,-6 ,-5 ,-10 ,-11 ,-8 ,-21 ,-6
3.8297333 ,Left ,-5 ,+4 ,+1 ,-4 ,+11 ,+10 ,+18 ,-7
3.8297457 ,Left ,+5 ,+9 ,+4 ,+3 ,-26 ,+12 ,+14 ,+1
3.8368674 ,Left ,0  ,-3 ,-4 ,-8 ,+37 ,-8 ,0  ,-5
3.8370463 ,Left ,+1 ,+1 ,+1 ,0  ,-18 ,-10 ,-2 ,+8
3.8520663 ,Left ,+4 ,+1 ,-2 ,-18 ,-60 ,+15 ,-7 ,-16
3.8520785 ,Left ,-2 ,-5 ,-5 ,-3 ,+32 ,-25 ,+2 ,+16
3.8667461 ,Left ,-7 ,-14 ,-2 ,+17 ,+13 ,-2 ,-7 ,-13
3.8668824 ,Left ,+9 ,+3 ,-1 ,-24 ,-10 ,-10 ,-6 ,+5
3.8741404 ,Left ,+1 ,+13 ,+9 ,+15 ,+1 ,+13 ,0  ,+2
3.8741474 ,Left ,0  ,-1 ,-2 ,0  ,-14 ,+5 ,-5 ,-12
3.8893825 ,Left ,-11 ,-12 ,-12 ,-6 ,-20 ,-14 ,-8 ,-7
3.8893897 ,Left ,-5 ,+5 ,+7 ,+22 ,+40 ,+17 ,+9 ,+11
3.8966674 ,Left ,0  ,+4 ,+4 ,-11 ,-8 ,-4 ,-8 ,-22
3.8966741 ,Left ,+16 ,-4 ,-3 ,+4 ,-11 ,-2 ,+14 ,-23
3.9117616 ,Left ,+3 ,-4 ,-4 ,-7 ,+17 ,-4 ,+1 ,-10
3.9117685 ,Left ,-7 ,-2 ,-2 ,-7 ,-19 ,+2 ,-5 ,-19
3.926685 ,Left ,+8 ,+16 ,+13 ,+26 ,-1 ,-1 ,+11 ,-9
3.9266915 ,Left ,+1 ,0  ,-1 ,-1 ,-5 ,-9 ,-9 ,0 
3.9341254 ,Left ,-1 ,+3 ,+4 ,-5 ,-1 ,-6 ,-4 ,-8
3.934132 ,Left ,-13 ,-12 ,-10 ,-3 ,-2 ,+1 ,0  ,+6
3.9491756 ,Left ,-3 ,-7 ,0  ,+2 ,+5 ,+4 ,+4 ,-9
3.9491825 ,Left ,-2 ,+2 ,+1 ,-12 ,-2 ,-3 ,-3 ,+7
3.9565583 ,Left ,-4 ,-6 ,-2 ,+14 ,+19 ,+2 ,+4 ,-8
3.9565649 ,Left ,-2 ,0  ,+4 ,+7 ,-7 ,+9 ,-2 ,+13
3.9717208 ,Left ,0  ,-4 ,-4 ,-15 ,+4 ,-6 ,-1 ,+3
3.9717284 ,Left ,-5 ,-5 ,-3 ,+3 ,-19 ,-10 ,-10 ,0 
3.9867914 ,Left ,+2 ,-2 ,-3 ,-16 ,-1 ,+3 ,+3 ,-10
3.9867981 ,Left ,-2 ,-2 ,+2 ,-2 ,-35 ,-7 ,+2 ,-1
3.9942548 ,Left ,-4 ,-8 ,-5 ,+9 ,+6 ,-6 ,-9 ,-2
3.9942615 ,Left ,-8 ,+2 ,+3 ,0  ,+16 ,+6 ,+2 ,-4
4.0093064 ,Left ,-9 ,-3 ,-2 ,-1 ,+5 ,+6 ,+11 ,-48
4.0093131 ,Left ,+3 ,+4 ,-2 ,-2 ,+14 ,-7 ,+1 ,+53
4.0167448 ,Left ,+16 ,+1 ,-2 ,-13 ,-60 ,+9 ,+33 ,+46
4.0167518 ,Left ,-3 ,+7 ,+3 ,+6 ,+20 ,+11 ,-36 ,-22
4.03175 ,Left ,+4 ,+3 ,+4 ,+1 ,-2 ,-8 ,+40 ,+5
4.0317565 ,Left ,+22 ,+3 ,-5 ,-2 ,+4 ,-2 ,-5 ,+84
4.0541986 ,Left ,-9 ,-2 ,0  ,+2 ,+9 ,+6 ,+1 ,-14
4.0542055 ,Left ,+9 ,+6 ,+6 ,+9 ,-1 ,0  ,+6 ,-10
4.0615983 ,Left ,-7 ,+1 ,0  ,-4 ,-13 ,-4 ,-38 ,-34
4.0616053 ,Left ,-10 ,-9 ,-3 ,-10 ,-9 ,-6 ,+17 ,-10
4.0769036 ,Left ,0  ,+4 ,+4 ,-3 ,+19 ,+9 ,+3 ,+11
4.0769102 ,Left ,+8 ,-4 ,-6 ,+10 ,-23 ,+3 ,-5 ,0 
4.0841773 ,Left ,-10 ,-8 ,0  ,+5 ,+14 ,-1 ,-5 ,-2
4.084184 ,Left ,-7 ,-5 ,-7 ,-12 ,+13 ,+5 ,+8 ,-13
4.0990027 ,Left ,+1 ,-1 ,-4 ,-5 ,+8 ,-3 ,-14 ,-5
4.099009 ,Left ,-5 ,-4 ,-4 ,-3 ,-21 ,-1 ,+1 ,-8
4.1140389 ,Left ,-6 ,-10 ,-14 ,-6 ,-11 ,-13 ,-12 ,-8
4.114042 ,Left ,-6 ,-6 ,0  ,+20 ,+15 ,+4 ,-3 ,-11
4.1290768 ,Left ,-6 ,-1 ,-4 ,-23 ,-12 ,-11 ,+2 ,-3
4.1290801 ,Left ,+5 ,0  ,+3 ,+2 ,-8 ,-5 ,+7 ,+34
4.1364668 ,Left ,-6 ,-4 ,-3 ,-11 ,-1 ,+3 ,-13 ,-22
4.1364701 ,Left ,+5 ,+16 ,+15 ,+8 ,+25 ,+8 ,+5 ,0 
4.1516255 ,Left ,+3 ,-9 ,-4 ,-15 ,+9 ,-1 ,-21 ,+35
4.1516516 ,Left ,+4 ,+4 ,+4 ,+3 ,+2 ,-1 ,+18 ,+11
4.1666347 ,Left ,-2 ,-3 ,-2 ,+9 ,+13 ,-5 ,+30 ,-13
4.1666461 ,Left ,+1 ,-8 ,-3 ,-5 ,-13 ,-6 ,-47 ,-42
4.1742342 ,Left ,-1 ,-2 ,+2 ,+7 ,+2 ,0  ,+25 ,+41
4.1742423 ,Left ,+10 ,+8 ,+3 ,+6 ,+5 ,+4 ,-15 ,+1
4.1893056 ,Left ,+8 ,+2 ,-1 ,-3 ,+9 ,+3 ,+7 ,+33
4.1894291 ,Left ,-15 ,-17 ,-13 ,-6 ,-20 ,-8 ,+15 ,-20
4.1969186 ,Left ,-18 ,-5 ,+2 ,+9 ,+10 ,+4 ,-8 ,-39
4.1970461 ,Left ,+9 ,+6 ,+1 ,-9 ,-10 ,-8 ,-1 ,-14
4.2118303 ,Left ,-3 ,-3 ,0  ,0  ,+20 ,-1 ,-3 ,-15
4.2118388 ,Left ,-6 ,-3 ,-8 ,-6 ,-12 ,-4 ,-2 ,+8
4.2270253 ,Left ,0  ,-11 ,-7 ,-8 ,-7 ,+2 ,-5 ,+8
4.2270334 ,Left ,-3 ,-1 ,-1 ,+1 ,+10 ,+2 ,+1 ,+12
4.2342081 ,Left ,+9 ,+8 ,+2 ,-10 ,-32 ,-4 ,-2 ,-4
4.2342161 ,Left ,-5 ,-3 ,-6 ,-5 ,-2 ,-3 ,+5 ,-30
4.2492661 ,Left ,-4 ,-3 ,0  ,+13 ,+5 ,-5 ,-19 ,+21
4.2492745 ,Left ,-12 ,-5 ,-2 ,-11 ,-1 ,-4 ,+11 ,+2
4.2565718 ,Left ,+7 ,+5 ,0  ,+13 ,+16 ,+2 ,-4 ,-6
4.2566358 ,Left ,-9 ,-3 ,-2 ,-3 ,-11 ,-5 ,-5 ,-6
4.2716194 ,Left ,0  ,-4 ,-3 ,-6 ,-11 ,-2 ,-2 ,-7
4.2716229 ,Left ,-5 ,-5 ,-2 ,-4 ,+10 ,0  ,-2 ,+10
4.2788587 ,Left ,+12 ,+11 ,+7 ,+2 ,0  ,-2 ,0  ,-4
4.2788613 ,Left ,+8 ,+12 ,+14 ,+16 ,+1 ,+3 ,0  ,+4
4.2941046 ,Left ,+3 ,-1 ,-10 ,-19 ,-6 ,-1 ,-4 ,-6
4.2941078 ,Left ,-12 ,-1 ,+1 ,+7 ,-4 ,-6 ,-1 ,+2
4.3091079 ,Left ,-2 ,+8 ,+8 ,+8 ,0  ,+1 ,-1 ,+2
4.3091115 ,Left ,+5 ,-5 ,-6 ,-6 ,+2 ,-2 ,-3 ,-11
4.3163679 ,Left ,-5 ,-4 ,-4 ,-15 ,-7 ,+4 ,0  ,+4
4.3163709 ,Left ,-1 ,-6 ,-3 ,-5 ,0  ,-2 ,0  ,-1
4.331548 ,Left ,-4 ,+3 ,0  ,+15 ,+8 ,+2 ,+9 ,-14
4.3315515 ,Left ,-1 ,-2 ,-1 ,-2 ,-2 ,-13 ,-12 ,+18
4.3466953 ,Left ,+1 ,+1 ,-4 ,-9 ,-14 ,-3 ,-39 ,-7
4.3466993 ,Left ,+11 ,+3 ,+1 ,-6 ,0  ,+1 ,+9 ,-1
4.3542323 ,Left ,-17 ,-3 ,+1 ,-1 ,-6 ,0  ,+6 ,-5
4.3542375 ,Left ,-12 ,-7 ,-7 ,-1 ,+1 ,0  ,-10 ,-9
4.3692125 ,Left ,+9 ,+7 ,+6 ,+1 ,+1 ,+7 ,+18 ,+11
4.3693106 ,Left ,-9 ,-2 ,-4 ,-1 ,+6 ,-5 ,+40 ,+14
4.3767109 ,Left ,+6 ,-10 ,-2 ,-9 ,-10 ,-4 ,-91 ,-33
4.3767166 ,Left ,-12 ,+3 ,-1 ,+1 ,+17 ,+5 ,+30 ,-3
4.3919208 ,Left ,-5 ,0  ,+1 ,+6 ,+9 ,-13 ,-53 ,-40
4.3919783 ,Left ,-12 ,-4 ,-5 ,-8 ,-10 ,+2 ,+7 ,+28
4.399804 ,Left ,+1 ,+3 ,+1 ,+6 ,+5 ,0  ,+28 ,0 
4.399818 ,Left ,-2 ,+2 ,-1 ,-2 ,+2 ,-1 ,-14 ,+1
4.4144969 ,Left ,-9 ,-11 ,-9 ,-7 ,-9 ,-8 ,-8 ,-10
4.4145092 ,Left ,+7 ,0  ,+4 ,0  ,-6 ,0  ,+7 ,+13
4.4293174 ,Left ,-4 ,+4 ,+2 ,+1 ,+15 ,+5 ,+19 ,+5
4.4293241 ,Left ,+2 ,-7 ,-10 ,-9 ,-3 ,+4 ,-19 ,-15
4.4366956 ,Left ,-5 ,0  ,+1 ,+7 ,+17 ,-3 ,+13 ,+7
4.436701 ,Left ,+1 ,0  ,+8 ,+4 ,-9 ,+1 ,+4 ,+1
4.4515706 ,Left ,-8 ,-16 ,-7 ,+7 ,+8 ,-1 ,+8 ,-2
4.4515803 ,Left ,+7 ,+22 ,+15 ,+8 ,+20 ,+1 ,-16 ,-3
4.4590836 ,Left ,+8 ,-5 ,-1 ,+2 ,-2 ,+9 ,+9 ,+11
4.459089 ,Left ,-1 ,+1 ,+4 ,+8 ,+7 ,-6 ,0  ,-9
4.4741571 ,Left ,-1 ,+6 ,-2 ,-4 ,+18 ,+4 ,+13 ,+8
4.4741621 ,Left ,+2 ,-3 ,+1 ,+7 ,-7 ,+6 ,-6 ,-4
4.4893276 ,Left ,0  ,-6 ,-4 ,-2 ,+1 ,-5 ,+2 ,+1
4.4893337 ,Left ,-7 ,-8 ,-4 ,+1 ,+3 ,-1 ,-3 ,-6
4.4965758 ,Left ,+1 ,+2 ,+1 ,-4 ,-5 ,+5 ,+5 ,-1
4.4965812 ,Left ,+1 ,-3 ,-7 ,-10 ,-6 ,-20 ,-2 ,-2
4.5116289 ,Left ,-14 ,+5 ,+8 ,+7 ,-2 ,+3 ,+5 ,-17
4.5116345 ,Left ,+41 ,+5 ,0  ,+4 ,0  ,-4 ,-39 ,+36
4.5192027 ,Left ,-12 ,+11 ,+8 ,+3 ,+2 ,+9 ,+30 ,-23
4.5192085 ,Left ,+11 ,-11 ,-9 ,-14 ,-9 ,+1 ,+15 ,+59
4.5341576 ,Left ,+31 ,+5 ,-1 ,+8 ,+3 ,-6 ,-2 ,+18
4.5341642 ,Left ,-22 ,-3 ,-6 ,-11 ,-18 ,+2 ,+10 ,-13
4.5492324 ,Left ,+11 ,+8 ,+5 ,+10 ,+9 ,+10 ,+24 ,+10
4.5492386 ,Left ,-6 ,-11 ,-6 ,-13 ,-10 ,-3 ,+16 ,+8
4.5566485 ,Left ,-9 ,-10 ,-2 ,+3 ,-6 ,-3 ,-12 ,-3
4.5566543 ,Left ,-1 ,+4 ,+2 ,+2 ,+6 ,-3 ,+7 ,-14
4.5716095 ,Left ,+10 ,-2 ,-2 ,-14 ,-7 ,-9 ,+5 ,+16
4.5716668 ,Left ,-8 ,+12 ,+14 ,+5 ,-11 ,-1 ,-16 ,-9
4.5789001 ,Left ,-4 ,-12 ,-15 ,+6 ,+10 ,-1 ,+5 ,+3
4.5789061 ,Left ,-5 ,-11 ,-8 ,-13 ,-3 ,-1 ,-13 ,-13
4.5941856 ,Left ,-5 ,+12 ,+2 ,-10 ,-26 ,-1 ,-3 ,+3
4.5941922 ,Left ,+4 ,-2 ,+1 ,+16 ,+16 ,0  ,-12 ,-7
4.6092026 ,Left ,-3 ,-12 ,-12 ,+3 ,-5 ,-7 ,-7 ,-1
4.609209 ,Left ,-11 ,-4 ,-6 ,-3 ,-8 ,+3 ,+18 ,-4
4.6165454 ,Left ,+7 ,+2 ,+2 ,+2 ,+3 ,-7 ,-5 ,+10
4.6166597 ,Left ,-3 ,+1 ,-2 ,-19 ,-4 ,+2 ,-6 ,-7
4.6320241 ,Left ,+5 ,+3 ,+2 ,-1 ,+3 ,+3 ,+5 ,+1
4.6320373 ,Left ,-9 ,-2 ,-3 ,-5 ,+5 ,-1 ,+4 ,-1
4.6393727 ,Left ,-1 ,-3 ,0  ,-2 ,-12 ,-6 ,-8 ,-4
4.6393848 ,Left ,+9 ,-1 ,-2 ,-4 ,0  ,+1 ,-5 ,-6
4.6539056 ,Left ,-7 ,-5 ,-1 ,-5 ,-10 ,+4 ,+1 ,+1
4.6539184 ,Left ,-2 ,-3 ,-1 ,+2 ,-1 ,-3 ,-7 ,-9
4.6692158 ,Left ,+3 ,+4 ,+3 ,+3 ,+16 ,-9 ,+2 ,+1
4.6692189 ,Left ,+1 ,-3 ,-5 ,-8 ,-15 ,+2 ,-5 ,-4
4.6765303 ,Left ,-8 ,-4 ,-2 ,-3 ,+5 ,-2 ,+2 ,+2
4.6765336 ,Left ,+6 ,+3 ,+3 ,+6 ,-1 ,-1 ,-3 ,-4
4.6915655 ,Left ,-1 ,-1 ,-4 ,-5 ,-11 ,+4 ,+5 ,+6
4.6915684 ,Left ,+2 ,-2 ,-2 ,-4 ,-2 ,-4 ,+3 ,-2
4.6989758 ,Left ,-10 ,-3 ,+1 ,-2 ,-1 ,+6 ,-3 ,-4
4.6989793 ,Left ,-5 ,0  ,-3 ,+4 ,+15 ,+2 ,-1 ,0 
4.7140109 ,Left ,+3 ,-3 ,+1 ,+5 ,+3 ,+1 ,0  ,+1
4.7140143 ,Left ,-4 ,-1 ,-5 ,-11 ,-14 ,-8 ,-5 ,-6
4.7291695 ,Left ,-1 ,+3 ,+3 ,+6 ,+17 ,+11 ,+6 ,+2
4.7291733 ,Left ,-3 ,-3 ,-2 ,+3 ,+4 ,+5 ,-2 ,-4
4.7364715 ,Left ,-2 ,-5 ,-3 ,+5 ,-12 ,-18 ,-6 ,-2
4.7364755 ,Left ,+3 ,+1 ,0  ,-10 ,-27 ,+11 ,+5 ,0 
4.7515227 ,Left ,-5 ,-6 ,0  ,+4 ,+14 ,+5 ,+1 ,-1
4.7515274 ,Left ,+1 ,+1 ,+1 ,-10 ,-19 ,-15 ,-2 ,-2
4.7588857 ,Left ,+1 ,+3 ,-2 ,-10 ,-3 ,+12 ,-1 ,-2
4.7588905 ,Left ,+2 ,-2 ,+1 ,+9 ,+4 ,-7 ,-3 ,-3
4.7741518 ,Left ,-1 ,-1 ,+1 ,-9 ,-26 ,-12 ,-4 ,-3
4.7741569 ,Left ,0  ,0  ,0  ,+2 ,+4 ,+3 ,0  ,+3
4.7890709 ,Left ,0  ,-1 ,-2 ,-8 ,-13 ,-6 ,-4 ,-2
4.7890739 ,Left ,0  ,0  ,-1 ,+4 ,+5 ,-16 ,-4 ,0 
4.7966421 ,Left ,-3 ,-2 ,-2 ,-2 ,+18 ,+8 ,-1 ,-1
4.7966871 ,Left ,-5 ,-2 ,+1 ,+4 ,+2 ,+3 ,-2 ,0 
4.8115553 ,Left ,-1 ,0  ,-3 ,-2 ,-4 ,+4 ,-1 ,+1
4.8115591 ,Left ,+4 ,+3 ,+1 ,-12 ,-3 ,-12 ,-1 ,0 
4.8191688 ,Left ,-2 ,-2 ,-1 ,+12 ,-7 ,-3 ,+1 ,+2
4.8191732 ,Left ,-8 ,-8 ,-9 ,-8 ,+3 ,-2 ,-1 ,-5
4.8344231 ,Left ,-4 ,0  ,+2 ,+8 ,+20 ,+2 ,-2 ,-2
4.8344354 ,Left ,0  ,-3 ,-4 ,-5 ,-5 ,-8 ,+2 ,-2
4.8494797 ,Left ,-3 ,+1 ,+2 ,0  ,-11 ,-7 ,-5 ,-9
4.8494917 ,Left ,-8 ,-2 ,-2 ,+6 ,+7 ,+10 ,-5 ,+4
4.857144 ,Left ,+4 ,-3 ,+1 ,-2 ,+3 ,-6 ,+10 ,+3
4.8571568 ,Left ,+3 ,+6 ,+1 ,+3 ,-3 ,+7 ,-14 ,-4
4.8793281 ,Left ,-1 ,-4 ,-1 ,-2 ,+42 ,0  ,-4 ,-5
4.8794397 ,Left ,-2 ,-2 ,-2 ,-10 ,-88 ,-28 ,+11 ,+6
4.8870455 ,Left ,-2 ,-4 ,-3 ,+3 ,+39 ,+12 ,0  ,-3
4.8870548 ,Left ,-4 ,+1 ,+3 ,-5 ,-6 ,-2 ,0  ,+7
4.9016268 ,Left ,-2 ,-2 ,-2 ,-6 ,-45 ,-14 ,-2 ,+6
4.9016353 ,Left ,+6 ,+2 ,0  ,+4 ,-9 ,0  ,+6 ,-2
4.916876 ,Left ,-2 ,-1 ,0  ,-5 ,-5 ,0  ,-3 ,+5
4.9168845 ,Left ,+4 ,0  ,-1 ,+4 ,+17 ,+2 ,-3 ,+3
4.9241187 ,Left ,+2 ,0  ,0  ,-4 ,-10 ,+4 ,-3 ,-3
4.9241274 ,Left ,-12 ,-2 ,+2 ,+8 ,+35 ,+11 ,+7 ,-11
4.9392293 ,Left ,0  ,+11 ,+11 ,+17 ,+11 ,+3 ,-3 ,0 
4.9392376 ,Left ,+8 ,+3 ,+1 ,0  ,-24 ,-5 ,-2 ,-2
4.9542437 ,Left ,-3 ,-10 ,-6 ,-6 ,+4 ,-12 ,-3 ,-1
4.9542519 ,Left ,+9 ,+7 ,+4 ,-7 ,+3 ,-6 ,-5 ,+3
4.969302 ,Left ,+8 ,+14 ,+13 ,+18 ,+1 ,+9 ,+3 ,-3
4.9693108 ,Left ,-2 ,+1 ,0  ,-3 ,+4 ,-1 ,-6 ,+1
4.9769563 ,Left ,+1 ,-4 ,-4 ,-7 ,-13 ,+1 ,+2 ,+1
4.9769649 ,Left ,-12 ,-12 ,-1 ,-5 ,+4 ,-5 ,-1 ,-2
4.9918227 ,Left ,+1 ,+7 ,-2 ,-3 ,-14 ,+3 ,+1 ,-2
4.9919331 ,Left ,-2 ,-1 ,+3 ,+17 ,+10 ,-1 ,-9 ,-1
4.9992531 ,Left ,-2 ,0  ,0  ,-7 ,+4 ,-2 ,+2 ,0 
4.9992617 ,Left ,+1 ,-5 ,-9 ,-8 ,-21 ,-1 ,0  ,-1
5.0144632 ,Left ,-5 ,-1 ,-4 ,-5 ,-6 ,-2 ,+8 ,-5
5.0144721 ,Left ,+5 ,+3 ,+1 ,0  ,+7 ,-7 ,-24 ,+1
5.0295143 ,Left ,-16 ,-3 ,+1 ,+16 ,-6 ,-5 ,-12 ,-13
5.0295228 ,Left ,+2 ,-5 ,-4 ,-16 ,-15 ,+11 ,+16 ,0 
5.0366345 ,Left ,+2 ,+1 ,+1 ,-2 ,+4 ,0  ,-3 ,+5
5.0366431 ,Left ,-34 ,-12 ,-5 ,-2 ,+3 ,-5 ,+9 ,-21
5.0517888 ,Left ,-10 ,-5 ,-4 ,+1 ,-4 ,+3 ,+5 ,-7
5.0518181 ,Left ,-11 ,-1 ,-2 ,+3 ,-18 ,-9 ,-23 ,-15
5.059141 ,Left ,+11 ,-1 ,-4 ,-5 ,+7 ,+8 ,+15 ,+20
5.0591493 ,Left ,+7 ,+3 ,+3 ,+2 ,+17 ,+2 ,-5 ,+14
5.0742026 ,Left ,+5 ,-2 ,-4 ,-4 ,-10 ,-12 ,-5 ,-6
5.0742117 ,Left ,-10 ,-7 ,-2 ,+8 ,+17 ,-2 ,+1 ,0 
5.0894631 ,Left ,+10 ,-2 ,+1 ,+6 ,+17 ,-1 ,+2 ,+2
5.0894718 ,Left ,+7 ,+7 ,+1 ,-8 ,-36 ,-3 ,+4 ,+1
5.0970349 ,Left ,-5 ,+3 ,+2 ,+11 ,+10 ,+3 ,-12 ,-6
5.0970435 ,Left ,0  ,-2 ,0  ,-3 ,-4 ,-5 ,+4 ,+3
5.1118626 ,Left ,-8 ,-6 ,-3 ,+2 ,+26 ,+4 ,+4 ,+7
5.1118715 ,Left ,+2 ,-4 ,-1 ,-29 ,-18 ,-6 ,-2 ,0 
5.1191287 ,Left ,-4 ,+3 ,+2 ,+19 ,+12 ,-4 ,-5 ,+2
5.1191656 ,Left ,+4 ,0  ,-3 ,+3 ,-18 ,0  ,0  ,-3
5.1343677 ,Left ,-3 ,-6 ,-4 ,-18 ,-2 ,+11 ,-3 ,-7
5.1343764 ,Left ,+10 ,+4 ,+1 ,+7 ,+18 ,+18 ,+11 ,+1
5.1493429 ,Left ,-2 ,-2 ,-3 ,-1 ,-14 ,-9 ,-5 ,+1
5.1493517 ,Left ,0  ,-3 ,-7 ,-20 ,+1 ,-5 ,+5 ,-2
5.1569645 ,Left ,0  ,+4 ,+4 ,+6 ,-9 ,0  ,+6 ,-4
5.1569735 ,Left ,0  ,-5 ,-3 ,+2 ,+5 ,-2 ,-12 ,-22
5.1718204 ,Left ,-5 ,-1 ,-1 ,-12 ,-21 ,+6 ,+10 ,+20
5.1719186 ,Left ,+3 ,-1 ,+1 ,+15 ,+36 ,+7 ,+6 ,0 
5.1793442 ,Left ,-2 ,+2 ,-1 ,+3 ,-14 ,-8 ,-2 ,-24
5.1793528 ,Left ,+3 ,-5 ,-4 ,-13 ,-13 ,-6 ,-10 ,+19
5.194475 ,Left ,-1 ,-8 ,-12 ,-21 ,-11 ,-8 ,-8 ,+5
5.1944836 ,Left ,-12 ,-6 ,-3 ,+9 ,-2 ,-11 ,+9 ,-10
5.2095037 ,Left ,-5 ,-4 ,+1 ,-9 ,-13 ,-3 ,-4 ,-30
5.2095125 ,Left ,+7 ,0  ,+3 ,+15 ,+18 ,0  ,+1 ,+24
5.2166025 ,Left ,+6 ,0  ,0  ,-9 ,+6 ,+6 ,+8 ,+12
5.2166109 ,Left ,+23 ,0  ,-1 ,0  ,-28 ,-15 ,-6 ,+11
5.2313684 ,Left ,-35 ,-8 ,-5 ,-10 ,+7 ,+4 ,-17 ,-55
5.2313711 ,Left ,+1 ,+2 ,-1 ,+2 ,-16 ,-6 ,+7 ,+35
5.2388352 ,Left ,+8 ,-4 ,-7 ,-5 ,-11 ,-2 ,0  ,+11
5.2388378 ,Left ,+2 ,0  ,-1 ,-1 ,+5 ,+5 ,+5 ,-4
5.2540351 ,Left ,-7 ,-2 ,-2 ,-15 ,-42 ,-11 ,-13 ,0 
5.2540381 ,Left ,-5 ,-1 ,+2 ,+15 ,+23 ,+7 ,+14 ,+11
5.2691093 ,Left ,+2 ,-3 ,-5 ,-2 ,-6 ,-6 ,-10 ,+8
5.2691369 ,Left ,-7 ,-5 ,-3 ,+3 ,+11 ,+4 ,-4 ,-4
5.2764467 ,Left ,-3 ,-4 ,-1 ,-5 ,+9 ,+1 ,+2 ,+4
5.2764498 ,Left ,-10 ,+6 ,+1 ,+10 ,+4 ,-1 ,-4 ,-16
5.2914881 ,Left ,+10 ,-4 ,-4 ,-22 ,-13 ,-11 ,-3 ,+18
5.2914918 ,Left ,-3 ,-8 ,-7 ,+6 ,-5 ,-4 ,-5 ,-4
5.299067 ,Left ,+4 ,+4 ,+4 ,-1 ,-6 ,-2 ,+4 ,-10
5.2991161 ,Left ,+2 ,-6 ,-3 ,+2 ,+2 ,-3 ,-4 ,-1
5.3146252 ,Left ,+11 ,+8 ,+12 ,+7 ,+20 ,+10 ,+19 ,+15
5.3146376 ,Left ,-13 ,-10 ,-9 ,+8 ,-30 ,-30 ,-55 ,+2
5.3218399 ,Left ,-10 ,-11 ,-6 ,-23 ,-1 ,-9 ,-21 ,-33
5.3218518 ,Left ,+22 ,+8 ,+4 ,-4 ,-2 ,+4 ,+10 ,+20
5.3368934 ,Left ,-6 ,+3 ,+1 ,+21 ,+16 ,+4 ,-1 ,+51
5.3369057 ,Left ,0  ,-2 ,-3 ,-5 ,-6 ,+1 ,+8 ,-13
5.3520082 ,Left ,0  ,-2 ,-5 ,-8 ,-26 ,-21 ,-13 ,+13
5.3520204 ,Left ,+10 ,+5 ,+5 ,+9 ,+31 ,+19 ,+39 ,-8
5.3595718 ,Left ,-10 ,-6 ,-3 ,+5 ,-3 ,-21 ,-2 ,-9
5.3595842 ,Left ,-11 ,-4 ,-3 ,-16 ,-41 ,+2 ,-17 ,-30
5.3744035 ,Left ,-11 ,-10 ,-5 ,+7 ,+4 ,+2 ,+10 ,+18
5.3745042 ,Left ,+13 ,-3 ,-2 ,-1 ,+10 ,+1 ,+17 ,+12
5.3817245 ,Left ,-9 ,+7 ,+7 ,+9 ,+14 ,+1 ,-16 ,-29
5.3817365 ,Left ,+15 ,+24 ,+3 ,-1 ,-9 ,+6 ,+6 ,-5
5.3967451 ,Left ,+2 ,-12 ,-12 ,-2 ,+9 ,+9 ,+9 ,+16
5.3967516 ,Left ,-12 ,-9 ,+3 ,-2 ,+15 ,-7 ,-6 ,-3
5.4116752 ,Left ,-2 ,0  ,-8 ,-12 ,-18 ,-7 ,-21 ,-16
5.411682 ,Left ,-4 ,+8 ,+1 ,+4 ,0  ,+2 ,+10 ,-6
5.4190507 ,Left ,+3 ,+7 ,+7 ,+9 ,-2 ,+4 ,+8 ,-3
5.419057 ,Left ,-19 ,-15 ,-5 ,-3 ,-3 ,-7 ,-4 ,+1
5.4414688 ,Left ,+1 ,+10 ,+10 ,+3 ,-1 ,0  ,-2 ,-7
5.4414753 ,Left ,-3 ,-1 ,-4 ,0  ,+1 ,-5 ,-7 ,+11
5.456661 ,Left ,-1 ,-8 ,-6 ,-1 ,-1 ,+1 ,-7 ,-3
5.4566683 ,Left ,-1 ,+3 ,+4 ,+21 ,-1 ,-2 ,+3 ,-2
5.4642208 ,Left ,+12 ,+3 ,+3 ,-4 ,+2 ,+2 ,+1 ,+4
5.4642275 ,Left ,-2 ,-2 ,-2 ,+12 ,0  ,+1 ,+1 ,0 
5.4789959 ,Left ,+6 ,0  ,-5 ,-24 ,-6 ,-4 ,-6 ,-2
5.4790022 ,Left ,-5 ,-3 ,-5 ,-23 ,+2 ,0  ,+4 ,0 
5.486544 ,Left ,-11 ,-14 ,-8 ,-4 ,0  ,-3 ,-2 ,-4
5.4865506 ,Left ,-10 ,-1 ,+1 ,-8 ,-8 ,-3 ,-4 ,-5
5.4943113 ,Left ,-2 ,+4 ,+3 ,+15 ,0  ,-1 ,-4 ,-4
5.494318 ,Left ,+26 ,+4 ,0  ,-3 ,+2 ,+4 ,+4 ,+3
5.5033256 ,Left ,-19 ,-6 ,-2 ,0  ,-4 ,-4 ,+4 ,-12
5.5034397 ,Left ,+7 ,-1 ,-5 ,-11 ,-7 ,+2 ,+7 ,-9
5.5166826 ,Left ,+3 ,0  ,0  ,+9 ,-4 ,-4 ,+3 ,+19
5.5166898 ,Left ,-15 ,-1 ,-4 ,-1 ,+4 ,+1 ,+11 ,-7
5.5317218 ,Left ,+9 ,+2 ,+3 ,+6 ,+1 ,-2 ,-8 ,-13
5.5317328 ,Left ,+3 ,+3 ,+1 ,-2 ,+13 ,-2 ,-1 ,+15
5.538937 ,Left ,+3 ,-2 ,-3 ,-3 ,+4 ,+4 ,-7 ,-17
5.5389434 ,Left ,+8 ,-1 ,+1 ,0  ,-24 ,-10 ,+36 ,+19
5.5543114 ,Left ,-25 ,-5 ,0  ,0  ,+9 ,+7 ,+7 ,+2
5.5543182 ,Left ,-8 ,+1 ,+1 ,-2 ,0  ,-4 ,-14 ,-9
5.5616179 ,Left ,-1 ,-2 ,-5 ,+4 ,-3 ,0  ,+2 ,-5
5.5616248 ,Left ,+2 ,-5 ,-2 ,-4 ,-3 ,-2 ,-3 ,+47
5.5768407 ,Left ,-11 ,+1 ,-6 ,-7 ,-1 ,+2 ,-5 ,-1
5.5768476 ,Left ,+7 ,-4 ,-1 ,+5 ,+9 ,+4 ,-10 ,-11
5.5916837 ,Left ,-2 ,-2 ,-6 ,-26 ,-45 ,-15 ,-11 ,+3
5.5916902 ,Left ,-18 ,-12 ,-10 ,-7 ,-1 ,-1 ,-6 ,-1
5.5990663 ,Left ,+13 ,+4 ,+10 ,+3 ,+10 ,+3 ,-2 ,-5
5.5990731 ,Left ,-4 ,-3 ,0  ,+2 ,+2 ,+1 ,-10 ,-3
5.6142592 ,Left ,-4 ,-9 ,-6 ,-18 ,-11 ,-5 ,-14 ,+3
5.6142658 ,Left ,-11 ,-6 ,+2 ,+28 ,+11 ,-3 ,+7 ,-10
5.6216215 ,Left ,-1 ,-9 ,-15 ,-34 ,-14 ,-7 ,+4 ,+2
5.6216284 ,Left ,-4 ,+9 ,+5 ,+11 ,+12 ,0  ,-12 ,-8
5.636556 ,Left ,-8 ,-8 ,-7 ,+2 ,-8 ,+1 ,-3 ,+1
5.6365623 ,Left ,-9 ,-10 ,-7 ,-15 ,+2 ,+2 ,-7 ,-5
5.6516221 ,Left ,+3 ,-4 ,-9 ,-27 ,-19 ,-5 ,-9 ,-7
5.6516288 ,Left ,-4 ,-2 ,-5 ,-3 ,+19 ,+5 ,+6 ,-3
5.6591378 ,Left ,-1 ,+5 ,+9 ,+20 ,+13 ,+8 ,-2 ,+9
5.6591444 ,Left ,+4 ,+7 ,-2 ,-11 ,-7 ,-2 ,-3 ,-6
5.674239 ,Left ,-22 ,-4 ,-2 ,+15 ,+2 ,0  ,+12 ,+8
5.6742456 ,Left ,+26 ,-1 ,-3 ,-11 ,-12 ,-3 ,+5 ,-40
5.6815252 ,Left ,-39 ,-14 ,-3 ,-4 ,0  ,-9 ,-16 ,+20
5.6815314 ,Left ,+44 ,+8 ,-2 ,+1 ,-5 ,-4 ,-16 ,+27
5.6965972 ,Left ,+23 ,+4 ,-5 ,+1 ,-9 ,-8 ,+13 ,-11
5.6966125 ,Left ,-18 ,+2 ,+5 ,+10 ,+9 ,0  ,+7 ,-16
5.711687 ,Left ,-2 ,0  ,-1 ,+2 ,-4 ,-2 ,+3 ,-7
5.7116937 ,Left ,+3 ,-1 ,-5 ,-4 ,+7 ,+4 ,+8 ,+13
5.7192758 ,Left ,+2 ,+4 ,+5 ,+13 ,+5 ,-7 ,-24 ,-11
5.7192828 ,Left ,-12 ,-1 ,-3 ,-11 ,-19 ,-6 ,-6 ,+3
5.7341685 ,Left ,+24 ,+4 ,+4 ,0  ,+22 ,+11 ,+7 ,-12
5.7341753 ,Left ,-15 ,-4 ,+1 ,-5 ,-1 ,-4 ,-2 ,+1
5.7416453 ,Left ,+4 ,+9 ,-2 ,+12 ,-2 ,+10 ,+9 ,0 
5.7416524 ,Left ,-5 ,-4 ,+1 ,+13 ,+2 ,-6 ,-6 ,-7
5.7566714 ,Left ,+6 ,0  ,0  ,+8 ,-1 ,+3 ,+8 ,+7
5.756678 ,Left ,-1 ,+2 ,+1 ,-19 ,-10 ,-1 ,-3 ,-14
5.7717141 ,Left ,0  ,+5 ,+5 ,+14 ,-5 ,-6 ,-5 ,0 
5.7717213 ,Left ,-5 ,+1 ,-1 ,-11 ,-10 ,+3 ,-1 ,+10
5.7793499 ,Left ,+6 ,+3 ,+1 ,-1 ,-2 ,-7 ,0  ,-11
5.7793709 ,Left ,0  ,+2 ,-1 ,-9 ,-1 ,-4 ,+10 ,-2
5.7940233 ,Left ,-4 ,-9 ,-6 ,+4 ,+15 ,-9 ,-6 ,-2
5.7940297 ,Left ,-6 ,-12 ,-8 ,-4 ,-14 ,-2 ,-10 ,-5
5.8014585 ,Left ,+1 ,+1 ,-1 ,-5 ,-7 ,0  ,0  ,-5
5.8016016 ,Left ,0  ,+1 ,+3 ,+10 ,+26 ,-7 ,+9 ,+3
5.8164445 ,Left ,+2 ,+1 ,+3 ,-2 ,+2 ,-1 ,-16 ,-10
5.8164479 ,Left ,-2 ,-4 ,-2 ,0  ,0  ,-6 ,0  ,+1
5.8315063 ,Left ,+2 ,0  ,-1 ,+4 ,+5 ,+6 ,+3 ,-6
5.83151 ,Left ,-6 ,+2 ,+3 ,+4 ,-15 ,-13 ,-8 ,-6
5.8389635 ,Left ,-1 ,-4 ,-2 ,-5 ,-2 ,+4 ,+6 ,-2
5.838967 ,Left ,-3 ,-6 ,-5 ,+3 ,+17 ,0  ,-4 ,0 
5.8539144 ,Left ,0  ,0  ,+1 ,0  ,-14 ,-12 ,0  ,0 
5.8539218 ,Left ,-3 ,0  ,-3 ,+3 ,+7 ,+19 ,-2 ,-7
5.8613702 ,Left ,-5 ,-7 ,-5 ,-17 ,-12 ,-8 ,0  ,+1
5.861374 ,Left ,0  ,+2 ,-1 ,+5 ,-10 ,-4 ,-8 ,-5
5.8764432 ,Left ,+1 ,+3 ,+1 ,0  ,-4 ,+4 ,-4 ,-1
5.8764469 ,Left ,-4 ,-5 ,-2 ,+5 ,+2 ,+6 ,-2 ,-2
5.8914038 ,Left ,-2 ,-4 ,-3 ,-13 ,-6 ,0  ,-2 ,-1
5.8914112 ,Left ,-1 ,-2 ,+1 ,+5 ,+10 ,+3 ,-1 ,0 
5.8990303 ,Left ,-1 ,0  ,+4 ,+5 ,+5 ,+9 ,+2 ,-2
5.8990345 ,Left ,-1 ,0  ,+1 ,+3 ,+10 ,-11 ,-1 ,0 
5.9140651 ,Left ,-3 ,-4 ,-5 ,-7 ,-22 ,0  ,+1 ,+2
5.9140811 ,Left ,0  ,-4 ,-2 ,+4 ,+7 ,+7 ,-5 ,-4
5.9215237 ,Left ,+9 ,+10 ,+4 ,+10 ,+31 ,+20 ,+9 ,+3
5.9215294 ,Left ,-5 ,-2 ,-4 ,-12 ,-16 ,-44 ,-8 ,0 
5.9367642 ,Left ,+10 ,+8 ,+4 ,+3 ,+9 ,+2 ,+3 ,+3
5.9367691 ,Left ,-4 ,-1 ,-1 ,0  ,-11 ,+18 ,-1 ,-1
5.9515872 ,Left ,+3 ,-1 ,-1 ,-5 ,+6 ,-1 ,+5 ,-1
5.9516173 ,Left ,-5 ,+1 ,0  ,+2 ,+7 ,-11 ,-3 ,-4
5.9593154 ,Left ,-7 ,-6 ,-7 ,+3 ,-9 ,-7 ,-4 ,-3
5.9593222 ,Left ,+1 ,+3 ,-1 ,-12 ,-12 ,-3 ,+2 ,-3
5.9743045 ,Left ,-2 ,-4 ,-4 ,-1 ,+14 ,+5 ,-1 ,-2
5.9743121 ,Left ,+2 ,-2 ,-3 ,-4 ,-5 ,+7 ,-2 ,-2
5.9817503 ,Left ,-4 ,-2 ,-3 ,-1 ,-3 ,-11 ,+1 ,-3
5.9817579 ,Left ,+7 ,+2 ,-2 ,+5 ,-3 ,+4 ,0  ,-2
5.9969008 ,Left ,-3 ,-3 ,-4 ,-5 ,-16 ,-16 ,-3 ,-4
5.9969073 ,Left ,-8 ,-6 ,-3 ,-2 ,+4 ,+21 ,-1 ,-2
6.0117581 ,Left ,+6 ,+3 ,+2 ,-2 ,-7 ,-7 ,+2 ,+2
6.0117651 ,Left ,-7 ,-1 ,-2 ,+2 ,+10 ,0  ,-3 ,-2
6.0203527 ,Left ,0  ,-1 ,-1 ,-5 ,-11 ,-5 ,-2 ,-2
6.0204149 ,Left ,+1 ,+3 ,+2 ,+6 ,0  ,+10 ,-2 ,+1
6.0339152 ,Left ,0  ,+3 ,+2 ,-3 ,-6 ,-7 ,0  ,-1
6.0339181 ,Left ,-1 ,-1 ,-3 ,-1 ,-14 ,+5 ,+1 ,0 
6.0414643 ,Left ,-7 ,-9 ,-5 ,-8 ,-6 ,-10 ,-3 ,-1
6.041468 ,Left ,+2 ,-2 ,-2 ,0  ,+10 ,+6 ,0  ,0 
6.0566611 ,Left ,0  ,-5 ,-3 ,-2 ,+3 ,-4 ,-1 ,-2
6.0566651 ,Left ,-2 ,-2 ,0  ,+1 ,-5 ,-1 ,0  ,-1
6.0716765 ,Left ,-6 ,-3 ,-3 ,0  ,-6 ,0  ,-3 ,-2
6.0716829 ,Left ,+8 ,-1 ,0  ,0  ,-1 ,-5 ,-1 ,-1
6.0793103 ,Left ,0  ,+2 ,+3 ,+1 ,-2 ,-4 ,-4 ,-3
6.0793159 ,Left ,+2 ,+1 ,-2 ,-10 ,-8 ,0  ,+1 ,0 
6.0942044 ,Left ,0  ,-5 ,-1 ,-1 ,+8 ,+1 ,+3 ,0 
6.0942101 ,Left ,-6 ,-7 ,-8 ,-5 ,-14 ,-1 ,-3 ,-2
6.1014384 ,Left ,-3 ,0  ,+1 ,+3 ,+22 ,+2 ,0  ,-1
6.1014437 ,Left ,0  ,+3 ,-1 ,+6 ,-7 ,-1 ,-2 ,-2
6.1167038 ,Left ,-3 ,-7 ,-6 ,-12 ,-8 ,-1 ,0  ,-1
6.1167095 ,Left ,-5 ,-6 ,-5 ,+1 ,+11 ,0  ,+1 ,-1
6.131529 ,Left ,+8 ,+4 ,0  ,-1 ,-21 ,-7 ,-1 ,+2
6.1315351 ,Left ,-3 ,-2 ,0  ,-1 ,+15 ,-9 ,-2 ,-2
6.139154 ,Left ,-2 ,+1 ,-1 ,0  ,-1 ,0  ,-2 ,-3
6.1391607 ,Left ,-2 ,+1 ,+3 ,+8 ,+7 ,-1 ,-4 ,-2
6.1539269 ,Left ,-1 ,-1 ,-2 ,0  ,-12 ,-5 ,-1 ,-4
6.1539299 ,Left ,0  ,-2 ,-1 ,-7 ,+9 ,+1 ,-2 ,0 
6.1612706 ,Left ,-3 ,-1 ,-2 ,+3 ,-1 ,+3 ,0  ,+1
6.1612729 ,Left ,+1 ,0  ,-3 ,-4 ,-9 ,-4 ,-2 ,+1
6.1764006 ,Left ,+8 ,+9 ,+4 ,+6 ,+13 ,+10 ,+4 ,+1
6.1764036 ,Left ,-3 ,-2 ,-1 ,-2 ,-11 ,-14 ,-4 ,-2
6.1913883 ,Left ,-5 ,0  ,+2 ,-4 ,0  ,0  ,-1 ,-2
6.1913915 ,Left ,+1 ,0  ,-3 ,+2 ,+4 ,+1 ,0  ,-1
6.1988849 ,Left ,-4 ,-6 ,-2 ,+1 ,+11 ,-1 ,-1 ,+1
6.1988881 ,Left ,+1 ,-6 ,-5 ,-9 ,-7 ,+5 ,-1 ,-1
6.2141935 ,Left ,-2 ,-2 ,-3 ,-1 ,-10 ,-8 ,-3 ,-1
6.2141987 ,Left ,-2 ,-1 ,-1 ,-9 ,-14 ,-9 ,-7 ,-4
6.2216231 ,Left ,-1 ,-1 ,0  ,0  ,-23 ,+1 ,+2 ,+5
6.2216294 ,Left ,+1 ,-3 ,-2 ,-3 ,+2 ,-9 ,0  ,-3
6.2369194 ,Left ,+4 ,-3 ,-2 ,-2 ,-12 ,-2 ,-37 ,-2
6.2370263 ,Left ,-7 ,0  ,+2 ,0  ,+4 ,+5 ,+13 ,+4
6.2517779 ,Left ,+12 ,0  ,-1 ,+1 ,+3 ,+5 ,+1 ,+2
6.2517865 ,Left ,-4 ,+1 ,+3 ,+1 ,+4 ,-1 ,+10 ,-7
6.2594234 ,Left ,-8 ,-4 ,-2 ,+2 ,-13 ,-8 ,-25 ,+5
6.2594321 ,Left ,+4 ,-6 ,-6 ,-15 ,+1 ,0  ,-2 ,+2
6.2742821 ,Left ,-6 ,0  ,+2 ,+2 ,+7 ,-1 ,-3 ,-5
6.2743551 ,Left ,+3 ,+7 ,+3 ,0  ,-5 ,+3 ,-3 ,+9
6.2818008 ,Left ,0  ,+1 ,-2 ,0  ,+16 ,-1 ,+14 ,-6
6.2818093 ,Left ,0  ,-5 ,-2 ,+6 ,+2 ,+5 ,-2 ,0 
6.2967389 ,Left ,-8 ,-3 ,0  ,+3 ,+1 ,+4 ,+10 ,-14
6.2967463 ,Left ,-3 ,-3 ,-1 ,-7 ,-16 ,-8 ,-11 ,-6
6.3118372 ,Left ,-5 ,-6 ,-4 ,0  ,+4 ,-8 ,+2 ,-2
6.3118449 ,Left ,+4 ,0  ,0  ,+3 ,+12 ,+4 ,+2 ,+14
6.3193745 ,Left ,+4 ,-1 ,-4 ,-1 ,-15 ,-14 ,+5 ,+12
6.319383 ,Left ,0  ,0  ,0  ,+1 ,-10 ,-2 ,-3 ,-1
6.3341897 ,Left ,-7 ,-1 ,-5 ,-15 ,-2 ,0  ,-1 ,-7
6.3341979 ,Left ,0  ,+2 ,+2 ,+11 ,-12 ,-9 ,-5 ,-5
6.3416062 ,Left ,+6 ,+11 ,+12 ,-4 ,+18 ,+10 ,+10 ,+1
6.3416707 ,Left ,-4 ,-3 ,-9 ,+5 ,-29 ,-5 ,-3 ,-8
6.3568693 ,Left ,+7 ,0  ,-5 ,-25 ,-13 ,-5 ,+3 ,-4
6.3568774 ,Left ,+2 ,+5 ,+5 ,+2 ,+31 ,+8 ,+3 ,+2
6.3718382 ,Left ,-12 ,-13 ,-13 ,+11 ,-13 ,-7 ,-9 ,-8
6.3719796 ,Left ,-3 ,-7 ,-5 ,+5 ,+2 ,+1 ,-4 ,+1
6.3792478 ,Left ,-1 ,-1 ,0  ,+4 ,-4 ,-4 ,+3 ,-1
6.379256 ,Left ,-1 ,+4 ,+2 ,-15 ,+5 ,-1 ,+1 ,-5
6.3943465 ,Left ,+1 ,+2 ,+4 ,-8 ,+4 ,+5 ,+2 ,-2
6.3943552 ,Left ,+2 ,+1 ,+3 ,+2 ,+3 ,-1 ,+4 ,+6
6.4015815 ,Left ,-5 ,-3 ,-4 ,-2 ,-5 ,-3 ,0  ,+6
6.4015892 ,Left ,-6 ,-1 ,+2 ,+10 ,+10 ,0  ,-20 ,-15
6.4167368 ,Left ,-13 ,+1 ,-1 ,+5 ,0  ,+1 ,-10 ,-11
6.4167431 ,Left ,-5 ,-4 ,0  ,+6 ,+20 ,+7 ,+27 ,+26
6.4316236 ,Left ,-5 ,-3 ,-2 ,-21 ,-43 ,-19 ,+17 ,-19
6.4316298 ,Left ,+3 ,+4 ,+1 ,0  ,+17 ,+16 ,-22 ,-3
6.4392016 ,Left ,+4 ,-3 ,-5 ,+3 ,+6 ,-13 ,+9 ,+2
6.439208 ,Left ,-27 ,-7 ,-6 ,+1 ,+6 ,-8 ,-14 ,-21
6.4541498 ,Left ,+22 ,+12 ,+4 ,-4 ,+8 ,+9 ,+11 ,+38
6.4541563 ,Left ,-9 ,-2 ,+2 ,+5 ,+22 ,+1 ,+11 ,-16
6.4614489 ,Left ,+8 ,-3 ,-4 ,-8 ,-10 ,+5 ,-3 ,+2
6.4614965 ,Left ,0  ,-5 ,-1 ,+6 ,-9 ,-19 ,+5 ,-20
6.4765137 ,Left ,+2 ,0  ,+1 ,-5 ,0  ,-1 ,-15 ,-2
6.4765166 ,Left ,-6 ,-4 ,-4 ,+14 ,+4 ,-5 ,-4 ,+5
6.4838501 ,Left ,+3 ,-3 ,-2 ,+3 ,+13 ,+6 ,-1 ,-13
6.4838526 ,Left ,+10 ,+12 ,+1 ,-15 ,-21 ,0  ,+2 ,+9
6.4990168 ,Left ,-12 ,-9 ,-6 ,+5 ,-27 ,0  ,+4 ,-1
6.4990204 ,Left ,+8 ,+3 ,+4 ,+5 ,+2 ,+7 ,+3 ,+8
6.5140771 ,Left ,+1 ,+1 ,0  ,-1 ,+6 ,+1 ,-9 ,0 
6.5140804 ,Left ,-3 ,+6 ,-2 ,-14 ,-8 ,0  ,+6 ,-5
6.5213777 ,Left ,0  ,0  ,-2 ,-8 ,+22 ,+3 ,+2 ,+4
6.5213812 ,Left ,+2 ,-4 ,+1 ,+20 ,-13 ,-8 ,-9 ,+4
6.5365998 ,Left ,-5 ,-4 ,-5 ,-3 ,+5 ,+17 ,-5 ,-10
6.5366042 ,Left ,-1 ,-2 ,0  ,-4 ,-10 ,-26 ,+2 ,0 
6.5440027 ,Left ,+2 ,-1 ,+3 ,-1 ,-3 ,0  ,+4 ,+5
6.5440087 ,Left ,-1 ,-3 ,-4 ,-20 ,-10 ,+8 ,-5 ,-11
6.5593504 ,Left ,-16 ,+1 ,0  ,+8 ,+2 ,-7 ,-12 ,-7
6.5593571 ,Left ,+11 ,-7 ,-5 ,0  ,+7 ,+1 ,+14 ,+51
6.5742011 ,Left ,+8 ,0  ,0  ,-6 ,-12 ,-4 ,-37 ,-69
6.5742698 ,Left ,-11 ,-8 ,-1 ,-6 ,-5 ,+4 ,+46 ,+29
6.5817785 ,Left ,-5 ,0  ,-1 ,+4 ,+3 ,-5 ,-56 ,-26
6.5817867 ,Left ,-21 ,-2 ,-3 ,-5 ,-2 ,+1 ,-25 ,-32
6.5967909 ,Left ,+16 ,+1 ,-2 ,+4 ,-5 ,-6 ,+16 ,+44
6.596799 ,Left ,+16 ,+6 ,+5 ,+3 ,+4 ,+8 ,+9 ,-23
6.6041668 ,Left ,-18 ,-14 ,-13 ,-17 ,-6 ,-19 ,-18 ,+22
6.6041745 ,Left ,+16 ,+4 ,+2 ,-3 ,+10 ,+3 ,-1 ,-5
6.6194651 ,Left ,+8 ,-4 ,0  ,+4 ,-4 ,0  ,+23 ,+12
6.6194734 ,Left ,-3 ,+5 ,-1 ,-5 ,+14 ,+12 ,-3 ,-11
6.6341282 ,Left ,-6 ,-12 ,-9 ,0  ,+6 ,-13 ,-2 ,+9
6.6341364 ,Left ,+1 ,+8 ,+6 ,+5 ,-3 ,+4 ,-3 ,+3
6.6414334 ,Left ,0  ,+1 ,-1 ,-3 ,-19 ,-2 ,+11 ,-4
6.6414393 ,Left ,+2 ,-8 ,-9 ,+1 ,+5 ,-1 ,+4 ,+4
6.6564982 ,Left ,-7 ,-7 ,-3 ,-10 ,-7 ,+2 ,+3 ,+2
6.6565012 ,Left ,-1 ,+3 ,+4 ,+19 ,+9 ,-1 ,-17 ,+4
6.6638271 ,Left ,+4 ,+5 ,+7 ,+9 ,+5 ,+6 ,+7 ,-7
6.6638297 ,Left ,+11 ,-1 ,-2 ,+6 ,+3 ,-3 ,+6 ,+4
6.6788701 ,Left ,+1 ,+3 ,+4 ,-14 ,-2 ,+2 ,-22 ,-10
6.678873 ,Left ,-12 ,0  ,-1 ,+3 ,-16 ,-10 ,-3 ,-2
6.6938245 ,Left ,-2 ,-2 ,+1 ,-1 ,+3 ,+2 ,+77 ,-14
6.6938276 ,Left ,-5 ,-9 ,-4 ,-13 ,-1 ,-3 ,-99 ,+11
6.7013193 ,Left ,-8 ,+4 ,+4 ,+10 ,+12 ,+11 ,+34 ,-18
6.7013219 ,Left ,+8 ,+1 ,+1 ,-2 ,+1 ,0  ,+17 ,+35
6.7165203 ,Left ,+1 ,+8 ,+3 ,+3 ,+1 ,-1 ,-37 ,-6
6.7165232 ,Left ,-22 ,-3 ,-2 ,+11 ,-8 ,-9 ,+19 ,-22
6.7239933 ,Left ,+5 ,-3 ,-2 ,0  ,+7 ,+3 ,+16 ,+3
6.7239963 ,Left ,-4 ,0  ,0  ,-4 ,+6 ,+2 ,-31 ,-18
6.7395623 ,Left ,+7 ,-2 ,-3 ,-3 ,-24 ,-14 ,-12 ,+8
6.739582 ,Left ,0  ,+1 ,+2 ,-2 ,-11 ,-1 ,+19 ,-9
6.7544708 ,Left ,-18 ,-6 ,-3 ,+7 ,+12 ,+4 ,-23 ,-14
6.7544831 ,Left ,+32 ,0  ,-5 ,0  ,-7 ,+1 ,+16 ,+37
6.762003 ,Left ,0  ,+9 ,+1 ,-13 ,-5 ,-6 ,+3 ,0 
6.7620155 ,Left ,-2 ,+6 ,+3 ,+11 ,+18 ,-4 ,-5 ,-12
6.7772525 ,Left ,+4 ,-1 ,-5 ,-10 ,-18 ,+5 ,-11 ,-15
6.7772651 ,Left ,-9 ,-4 ,-1 ,+4 ,+10 ,-3 ,+12 ,+42
6.7843043 ,Left ,-4 ,-12 ,-7 ,-3 ,-3 ,+2 ,+12 ,-5
6.7843165 ,Left ,-5 ,-8 ,-11 ,-13 ,-13 ,-13 ,-9 ,-9
6.799569 ,Left ,+6 ,+1 ,0  ,+17 ,+8 ,-10 ,-7 ,+6
6.7995811 ,Left ,-8 ,-1 ,0  ,-15 ,-15 ,+2 ,+3 ,+2
6.8144165 ,Left ,+3 ,-7 ,-7 ,-1 ,+5 ,+2 ,-2 ,+1
6.8144288 ,Left ,-16 ,-19 ,-11 ,-16 ,-17 ,-8 ,-1 ,-9
6.8218273 ,Left ,+30 ,+28 ,+23 ,+20 ,+7 ,+2 ,+2 ,+9
6.8219238 ,Left ,+4 ,+15 ,+5 ,+7 ,-6 ,+3 ,-4 ,-3
6.8368479 ,Left ,+6 ,-7 ,-7 ,-27 ,-7 ,-5 ,+1 ,+16
6.8368548 ,Left ,-2 ,-8 ,-9 ,-3 ,+1 ,-3 ,0  ,-11
6.8459555 ,Left ,-9 ,-13 ,-10 ,+1 ,+7 ,0  ,-2 ,-4
6.8459622 ,Left ,-7 ,-6 ,0  ,-2 ,+1 ,-2 ,+4 ,+2
6.8592991 ,Left ,+6 ,-2 ,0  ,+1 ,-2 ,-1 ,-4 ,-10
6.8593057 ,Left ,+3 ,+3 ,+2 ,0  ,-1 ,+1 ,+1 ,+5
6.8742908 ,Left ,-4 ,+1 ,-2 ,+4 ,+1 ,-2 ,-1 ,+5
6.8742975 ,Left ,0  ,+1 ,+3 ,+4 ,-4 ,-4 ,-4 ,-17
6.8817539 ,Left ,-6 ,-2 ,-2 ,+5 ,+12 ,-8 ,+1 ,+2
6.8817611 ,Left ,-1 ,+1 ,+2 ,+1 ,+1 ,-1 ,+3 ,-1
6.8969059 ,Left ,+8 ,-2 ,-2 ,-7 ,-5 ,-1 ,-1 ,+16
6.8969129 ,Left ,+9 ,+2 ,0  ,+9 ,-2 ,-6 ,+7 ,-9
6.9042205 ,Left ,-33 ,-4 ,-4 ,-17 ,-6 ,+1 ,-26 ,-10
6.9042315 ,Left ,-1 ,-7 ,-5 ,-6 ,-3 ,+5 ,+4 ,-21
6.9193796 ,Left ,-8 ,-5 ,-9 ,-4 ,-3 ,-8 ,+17 ,+11
6.9193864 ,Left ,+8 ,-8 ,-2 ,-7 ,-1 ,-2 ,-33 ,-15
6.9341965 ,Left ,+2 ,0  ,-4 ,-2 ,+7 ,+2 ,-8 ,-19
6.9342031 ,Left ,0  ,+7 ,+4 ,+4 ,+1 ,+7 ,+8 ,-2
6.9413867 ,Left ,+7 ,+2 ,+5 ,+10 ,+15 ,+4 ,+23 ,-3
6.9413897 ,Left ,-12 ,-3 ,-2 ,0  ,-6 ,-4 ,+2 ,+10
6.9564366 ,Left ,+1 ,+1 ,0  ,-10 ,-16 ,-17 ,-6 ,+1
6.9564393 ,Left ,+1 ,-5 ,-7 ,+4 ,+9 ,-10 ,+1 ,-13
6.964603 ,Left ,-6 ,0  ,+6 ,+3 ,-9 ,+1 ,-4 ,0 
6.9646154 ,Left ,-4 ,-7 ,-11 ,-18 ,+9 ,+5 ,+4 ,+3
6.9794092 ,Left ,-2 ,-10 ,-9 ,+2 ,-5 ,-3 ,-8 ,-6
6.9794216 ,Left ,-1 ,-6 ,+2 ,-5 ,-2 ,+4 ,-3 ,-4
6.9942226 ,Left ,-7 ,-5 ,-9 ,-17 ,0  ,0  ,+9 ,+9
6.9942292 ,Left ,-2 ,+4 ,-2 ,-13 ,+15 ,-6 ,-7 ,-12
7.0015165 ,Left ,+10 ,+8 ,-2 ,+14 ,-44 ,+1 ,-7 ,-3
7.0016605 ,Left ,+5 ,+22 ,+16 ,+22 ,-1 ,+9 ,+14 ,+14
7.0165732 ,Left ,-8 ,-8 ,-8 ,-11 ,+22 ,-10 ,-1 ,+3
7.016855 ,Left ,-1 ,0  ,+6 ,+5 ,+13 ,+2 ,-4 ,-11
7.0241064 ,Left ,-9 ,-14 ,-18 ,-38 ,-12 ,+3 ,-4 ,-3
7.0241125 ,Left ,+4 ,-3 ,-3 ,+9 ,-14 ,+4 ,+7 ,+3
7.0393332 ,Left ,-2 ,-3 ,+3 ,+3 ,+10 ,+2 ,+8 ,+11
7.0393399 ,Left ,-6 ,+3 ,+2 ,+9 ,+11 ,-4 ,+5 ,-19
7.054214 ,Left ,+20 ,+7 ,+1 ,0  ,-10 ,+8 ,-5 ,+19
7.0542207 ,Left ,-9 ,-9 ,-3 ,+4 ,-3 ,-8 ,-6 ,-32
7.0617069 ,Left ,-2 ,0  ,-1 ,-6 ,-6 ,-5 ,+35 ,+46
7.0617919 ,Left ,-3 ,-3 ,-3 ,-8 ,+1 ,+7 ,-32 ,-43
7.0766646 ,Left ,-6 ,-6 ,-1 ,-7 ,-11 ,-4 ,-14 ,-6
7.0766714 ,Left ,+3 ,+5 ,+1 ,+2 ,0  ,+1 ,+12 ,-4
7.0840827 ,Left ,-3 ,+3 ,+4 ,+4 ,+7 ,-3 ,+12 ,+19
7.0840891 ,Left ,+7 ,-8 ,-5 ,-4 ,-3 ,-10 ,-5 ,+9
7.0992468 ,Left ,-9 ,-10 ,-6 ,-24 ,-35 ,-12 ,-24 ,-33
7.0992536 ,Left ,0  ,0  ,+2 ,+4 ,+37 ,0  ,+17 ,+17
7.11415 ,Left ,-2 ,-6 ,-2 ,-7 ,-23 ,-2 ,-11 ,-7
7.1141567 ,Left ,+3 ,+10 ,+8 ,+3 ,+4 ,+2 ,+3 ,+19
7.1214996 ,Left ,+3 ,-6 ,-4 ,+4 ,+21 ,+1 ,-3 ,-9
7.1215059 ,Left ,-15 ,-16 ,-10 ,-7 ,-8 ,-6 ,-5 ,-2
7.1366674 ,Left ,0  ,-6 ,-2 ,-26 ,-9 ,-2 ,+7 ,+7
7.136674 ,Left ,-6 ,+5 ,-2 ,0  ,-3 ,-5 ,-9 ,+3
7.1442882 ,Left ,+11 ,+8 ,+11 ,+23 ,-1 ,+5 ,-5 ,-5
7.1442949 ,Left ,+8 ,-3 ,-6 ,-6 ,+1 ,-3 ,0  ,+3
7.1591916 ,Left ,-2 ,-3 ,-1 ,+8 ,+3 ,-1 ,-14 ,-13
7.1591983 ,Left ,-2 ,-3 ,-1 ,-5 ,-11 ,-4 ,+3 ,+8
7.1740343 ,Left ,-2 ,-2 ,-3 ,-3 ,-7 ,+1 ,+6 ,+3
7.1740406 ,Left ,-1 ,+2 ,+4 ,+2 ,+4 ,-1 ,-2 ,-6
7.1815185 ,Left ,+4 ,+3 ,-2 ,-1 ,+2 ,0  ,-2 ,-3
7.1815479 ,Left ,0  ,+4 ,+2 ,+3 ,-3 ,-3 ,+1 ,+2
7.1963963 ,Left ,-2 ,+4 ,+2 ,+6 ,-2 ,0  ,+1 ,+2
7.1963989 ,Left ,-3 ,-5 ,-3 ,+4 ,+3 ,+2 ,-3 ,-1
7.2038907 ,Left ,+1 ,-2 ,+2 ,0  ,+10 ,0  ,-5 ,-5
7.2038934 ,Left ,-7 ,+1 ,+2 ,-1 ,-5 ,-4 ,+3 ,+3
7.2189267 ,Left ,+8 ,+6 ,0  ,+1 ,-1 ,+1 ,-2 ,0 
7.21893 ,Left ,+1 ,-2 ,-3 ,-1 ,-4 ,-7 ,-1 ,-1
7.2263816 ,Left ,-8 ,-3 ,-4 ,-7 ,+3 ,+5 ,-1 ,-2
7.2263844 ,Left ,+3 ,+2 ,+1 ,0  ,+2 ,-10 ,-2 ,+3
7.2339435 ,Left ,+3 ,-3 ,-5 ,+2 ,-13 ,-1 ,0  ,0 
7.2339476 ,Left ,-5 ,-9 ,-5 ,-4 ,+6 ,+4 ,0  ,-2
7.2490636 ,Left ,+1 ,+4 ,+2 ,-5 ,+2 ,-5 ,0  ,-2
7.2490685 ,Left ,0  ,+3 ,+5 ,+11 ,-5 ,-7 ,0  ,+1
7.2566217 ,Left ,-4 ,-3 ,-3 ,-1 ,+5 ,+5 ,-7 ,-2
7.2566382 ,Left ,0  ,-5 ,-7 ,-8 ,-20 ,-6 ,-1 ,0 
7.2734629 ,Left ,-1 ,-2 ,-5 ,-4 ,+7 ,+3 ,+3 ,-3
7.2734679 ,Left ,-3 ,-3 ,-2 ,+3 ,-5 ,0  ,-8 ,-1
7.2792763 ,Left ,+1 ,0  ,-1 ,-5 ,+2 ,0  ,+5 ,+2
7.2792813 ,Left ,-3 ,-6 ,0  ,0  ,+6 ,+6 ,-2 ,-2
7.2864913 ,Left ,0  ,-1 ,0  ,0  ,-16 ,-9 ,-4 ,-3
7.286496 ,Left ,+3 ,+10 ,+7 ,+9 ,+13 ,+7 ,+5 ,+1
7.2939011 ,Left ,+2 ,+1 ,+1 ,+2 ,-4 ,-2 ,0  ,+1
7.2939057 ,Left ,+3 ,+3 ,-1 ,+3 ,+19 ,0  ,-1 ,+3
7.3092657 ,Left ,-4 ,-7 ,-5 ,-1 ,+3 ,+5 ,-2 ,-4
7.3092711 ,Left ,+4 ,-5 ,-2 ,-3 ,-3 ,-5 ,-1 ,-3
7.3165723 ,Left ,-6 ,+1 ,0  ,-2 ,-9 ,-4 ,-1 ,-1
7.3165773 ,Left ,-2 ,-2 ,-4 ,-2 ,-3 ,+3 ,0  ,+2
7.3316249 ,Left ,+2 ,0  ,0  ,-3 ,+2 ,-2 ,-2 ,-2
7.3316301 ,Left ,-7 ,-2 ,-2 ,0  ,-1 ,0  ,+2 ,-3
7.3391062 ,Left ,+2 ,-2 ,+1 ,+4 ,+7 ,0  ,+1 ,-1
7.3391113 ,Left ,+2 ,+2 ,-1 ,-7 ,+1 ,0  ,0  ,0 
7.3467205 ,Left ,-1 ,+3 ,+1 ,+3 ,-9 ,-4 ,0  ,-1
7.3467256 ,Left ,-4 ,-7 ,-8 ,-15 ,+6 ,-5 ,-3 ,-2
7.3542104 ,Left ,-3 ,-6 ,-3 ,+1 ,-3 ,+1 ,+1 ,0 
7.3542158 ,Left ,-3 ,-2 ,+2 ,+1 ,-2 ,-1 ,-2 ,0 
7.3689742 ,Left ,+3 ,+4 ,+2 ,+3 ,+7 ,+4 ,-1 ,+2
7.3689788 ,Left ,-4 ,0  ,-3 ,-3 ,+3 ,+2 ,-1 ,-1
7.376481 ,Left ,+3 ,+3 ,-1 ,+1 ,-16 ,-1 ,+2 ,+1
7.376486 ,Left ,+3 ,-1 ,+1 ,+2 ,+6 ,+1 ,0  ,-1
7.3915582 ,Left ,0  ,-5 ,-8 ,-9 ,+2 ,-3 ,-4 ,-1
7.3915637 ,Left ,0  ,-3 ,0  ,-7 ,-34 ,-7 ,-1 ,+2
7.4066406 ,Left ,+4 ,+6 ,+2 ,+4 ,0  ,+2 ,0  ,-2
7.4066462 ,Left ,-2 ,-9 ,-8 ,-12 ,-13 ,-1 ,-1 ,0 
7.4142414 ,Left ,-3 ,-4 ,-2 ,+1 ,+2 ,0  ,-1 ,-2
7.4142472 ,Left ,+1 ,+2 ,0  ,-1 ,-7 ,-3 ,-1 ,-1
7.429473 ,Left ,+3 ,+1 ,0  ,-3 ,+5 ,0  ,-1 ,-2
7.4294811 ,Left ,0  ,-2 ,-3 ,0  ,+1 ,0  ,-3 ,0 
7.4368877 ,Left ,-2 ,-5 ,-3 ,-4 ,-2 ,-2 ,+1 ,-2
7.4368955 ,Left ,-4 ,-3 ,-2 ,-1 ,0  ,-4 ,-2 ,-3
7.4512668 ,Left ,-2 ,+2 ,+3 ,+5 ,+3 ,-2 ,0  ,-2
7.4512896 ,Left ,+3 ,0  ,-3 ,0  ,0  ,+2 ,-2 ,-1
7.466496 ,Left ,-3 ,-3 ,-2 ,0  ,-1 ,-1 ,-3 ,-1
7.4664991 ,Left ,0  ,+2 ,+2 ,0  ,-3 ,+1 ,-1 ,-3
7.4740867 ,Left ,-5 ,-4 ,+2 ,-2 ,+2 ,0  ,0  ,-1
7.4740896 ,Left ,+2 ,0  ,-2 ,0  ,-12 ,-6 ,-4 ,-2
7.4889842 ,Left ,-2 ,-4 ,-4 ,-5 ,-3 ,-2 ,-1 ,-3
7.4889881 ,Left ,-3 ,0  ,0  ,-3 ,+4 ,+1 ,+1 ,0 
7.4966765 ,Left ,-6 ,-6 ,-5 ,-1 ,+1 ,+1 ,-1 ,-1
7.4966797 ,Left ,0  ,-4 ,0  ,+2 ,-4 ,-3 ,-1 ,-1
7.5133388 ,Left ,-2 ,+5 ,+1 ,+5 ,+6 ,0  ,-2 ,-1
7.513342 ,Left ,-1 ,-3 ,-2 ,+1 ,+7 ,-1 ,-1 ,0 
7.5192284 ,Left ,-2 ,-1 ,+4 ,+5 ,+6 ,-1 ,-1 ,-1
7.5192318 ,Left ,+6 ,+1 ,-1 ,-10 ,-6 ,-3 ,0  ,0 
7.5267913 ,Left ,-1 ,0  ,0  ,+15 ,-6 ,-1 ,-2 ,-2
7.5267952 ,Left ,-2 ,+2 ,-1 ,-3 ,-1 ,+1 ,-1 ,0 
7.5342211 ,Left ,+4 ,0  ,-3 ,-4 ,0  ,0  ,-2 ,+1
7.5342252 ,Left ,-4 ,-5 ,-3 ,0  ,+2 ,-1 ,0  ,-1
7.5490326 ,Left ,-10 ,-4 ,-6 ,-12 ,-2 ,-2 ,0  ,-3
7.5490493 ,Left ,+5 ,+1 ,+1 ,0  ,-7 ,-3 ,-1 ,0 
7.5643045 ,Left ,+2 ,0  ,+2 ,0  ,-7 ,0  ,-2 ,+1
7.5643116 ,Left ,-5 ,-1 ,0  ,+5 ,+5 ,0  ,-1 ,+1
7.5791764 ,Left ,+1 ,+1 ,-1 ,0  ,-2 ,-2 ,0  ,0 
7.5791834 ,Left ,-2 ,-3 ,-4 ,-1 ,-1 ,+2 ,0  ,0 
7.5940143 ,Left ,+2 ,+1 ,+4 ,+2 ,+7 ,+1 ,-1 ,0 
7.5940207 ,Left ,+1 ,+8 ,+4 ,+1 ,-6 ,-3 ,-1 ,-1
7.6016786 ,Left ,-1 ,-2 ,-2 ,-2 ,-3 ,-4 ,-3 ,-1
7.6018035 ,Left ,+1 ,+2 ,0  ,+8 ,+4 ,-3 ,-1 ,-1
7.6165784 ,Left ,-6 ,-6 ,-3 ,-2 ,-1 ,-4 ,+1 ,-3
7.6165849 ,Left ,+1 ,-3 ,-2 ,-2 ,+1 ,-4 ,-2 ,-3
7.6317305 ,Left ,+1 ,-4 ,-5 ,-7 ,-2 ,-3 ,-3 ,-1
7.6317378 ,Left ,0  ,+9 ,+7 ,+19 ,+4 ,-3 ,-1 ,-1
7.6467299 ,Left ,+2 ,+6 ,+1 ,-2 ,-3 ,0  ,0  ,-2
7.6467365 ,Left ,-7 ,-6 ,-5 ,-7 ,-4 ,-2 ,0  ,0 
7.65445 ,Left ,-1 ,-6 ,-6 ,-1 ,+8 ,+1 ,0  ,-2
7.654457 ,Left ,-2 ,-7 ,-1 ,+1 ,+7 ,0  ,+4 ,+1
7.6691699 ,Left ,+2 ,+1 ,+2 ,+5 ,-11 ,0  ,0  ,-2
7.6691766 ,Left ,+2 ,+6 ,+3 ,+4 ,+6 ,+1 ,+2 ,-1
7.6841809 ,Left ,-3 ,-1 ,-2 ,-3 ,-2 ,-6 ,-4 ,-3
7.6841874 ,Left ,-5 ,-8 ,-3 ,-8 ,-6 ,+2 ,-1 ,-1
7.6916469 ,Left ,+5 ,+2 ,+3 ,+5 ,+6 ,+1 ,0  ,-1
7.6916543 ,Left ,0  ,+5 ,+3 ,-3 ,-6 ,+1 ,-2 ,-1
7.7068136 ,Left ,+8 ,+6 ,+5 ,-1 ,-3 ,+7 ,+1 ,+4
7.7068205 ,Left ,0  ,-2 ,-2 ,+1 ,+10 ,-1 ,-1 ,0 
7.7142532 ,Left ,-7 ,-1 ,0  ,-1 ,-7 ,-12 ,-3 ,0 
7.7142603 ,Left ,+1 ,-4 ,-4 ,-9 ,-1 ,+3 ,-3 ,-2
7.729398 ,Left ,-2 ,-6 ,-4 ,-5 ,-5 ,-4 ,0  ,-4
7.7294046 ,Left ,+2 ,+2 ,+4 ,0  ,+2 ,+1 ,-1 ,-3
7.7441496 ,Left ,-2 ,-2 ,0  ,-3 ,+1 ,-1 ,0  ,+1
7.7441564 ,Left ,-4 ,-5 ,-2 ,-3 ,+1 ,+1 ,0  ,-3
7.7514903 ,Left ,-5 ,-7 ,-8 ,-8 ,0  ,-1 ,+1 ,0 
7.7514965 ,Left ,0  ,+10 ,+5 ,+3 ,-1 ,-6 ,-5 ,-3
7.7667089 ,Left ,-3 ,-5 ,-2 ,+4 ,0  ,-1 ,-2 ,-1
7.7667155 ,Left ,+2 ,-1 ,+2 ,+7 ,+5 ,-3 ,-3 ,0 
7.7741511 ,Left ,-1 ,+9 ,+5 ,+3 ,0  ,+3 ,-3 ,-3
7.7742725 ,Left ,-7 ,-6 ,-7 ,-8 ,-5 ,0  ,-1 ,0 
7.7891097 ,Left ,0  ,-6 ,-3 ,-3 ,0  ,-3 ,+2 ,0 
7.789116 ,Left ,-3 ,0  ,-3 ,-2 ,-1 ,+1 ,-3 ,-2
7.8116735 ,Left ,-6 ,-3 ,-1 ,+2 ,+3 ,0  ,-1 ,0 
7.8116815 ,Left ,+1 ,+3 ,0  ,-6 ,-4 ,-1 ,-1 ,+1
7.8192553 ,Left ,+5 ,0  ,-2 ,-1 ,+3 ,+1 ,-2 ,-3
7.8192621 ,Left ,0  ,+1 ,+1 ,+5 ,0  ,-1 ,-2 ,-1
7.8341911 ,Left ,+1 ,+1 ,-3 ,-9 ,-6 ,+1 ,0  ,0 
7.8341976 ,Left ,-12 ,-11 ,-7 ,-2 ,+5 ,-7 ,-3 ,-3
7.8417138 ,Left ,-5 ,-4 ,+2 ,-12 ,-7 ,0  ,0  ,-3
7.8417207 ,Left ,+16 ,+30 ,+18 ,+31 ,+9 ,+3 ,+5 ,+1
7.8567921 ,Left ,+2 ,+2 ,-3 ,-11 ,-7 ,0  ,-2 ,-1
7.8567989 ,Left ,-4 ,-5 ,-4 ,-5 ,-12 ,-2 ,-1 ,0 
7.8717144 ,Left ,0  ,+1 ,-2 ,+9 ,+5 ,+3 ,0  ,-2
7.8717471 ,Left ,-3 ,-3 ,-4 ,-10 ,-4 ,+2 ,0  ,-2
7.8867989 ,Left ,+1 ,-1 ,-4 ,+1 ,-3 ,-6 ,-4 ,-4
7.8869084 ,Left ,-1 ,-5 ,-1 ,-10 ,-5 ,-2 ,-3 ,+1
7.89454 ,Left ,-2 ,-5 ,-5 ,-5 ,-4 ,-6 ,-4 ,-3
7.8946367 ,Left ,+3 ,+4 ,+3 ,+19 ,+1 ,-1 ,0  ,0 
7.9110617 ,Left ,-7 ,-10 ,-6 ,-1 ,-3 ,-4 ,-4 ,-2
7.9110644 ,Left ,-7 ,+1 ,+2 ,0  ,-3 ,0  ,-2 ,-2
7.9238584 ,Left ,-1 ,+1 ,+1 ,+17 ,+7 ,0  ,-1 ,-2
7.923861 ,Left ,+3 ,+2 ,+1 ,-1 ,0  ,+5 ,+3 ,0 
7.9313511 ,Left ,-8 ,-3 ,-6 ,-3 ,-2 ,-2 ,-3 ,-2
7.9313539 ,Left ,-4 ,-11 ,-9 ,-12 ,-7 ,-2 ,-2 ,-3
7.9464356 ,Left ,+2 ,+4 ,+5 ,+7 ,+1 ,-2 ,0  ,-1
7.9464383 ,Left ,+1 ,+2 ,+1 ,-4 ,0  ,-1 ,-3 ,-1
7.9541036 ,Left ,-2 ,0  ,+2 ,+2 ,+7 ,0  ,+2 ,0 
7.9541065 ,Left ,-3 ,-7 ,-5 ,-2 ,+3 ,-1 ,-2 ,-3
7.9691584 ,Left ,-3 ,-1 ,-3 ,-10 ,-13 ,+1 ,-1 ,-4
7.9691622 ,Left ,-5 ,-8 ,-5 ,+8 ,+1 ,-5 ,-2 ,-3
7.9840465 ,Left ,-1 ,-1 ,0  ,0  ,+2 ,-1 ,-2 ,+1
7.9840514 ,Left ,+1 ,+4 ,+1 ,-4 ,-1 ,+1 ,-1 ,0 
7.9915106 ,Left ,-4 ,-3 ,-3 ,-1 ,-1 ,-2 ,-2 ,-2
7.9915157 ,Left ,-5 ,-4 ,-2 ,+3 ,-1 ,0  ,-1 ,-2
8.0066255 ,Left ,-1 ,-2 ,-1 ,-3 ,+1 ,-4 ,-1 ,-2
8.0066337 ,Left ,+1 ,-2 ,-1 ,-10 ,-7 ,-3 ,-2 ,-3
8.014387 ,Left ,-2 ,0  ,-4 ,+2 ,-4 ,-3 ,-1 ,-1
8.0143952 ,Left ,-1 ,-3 ,-5 ,-4 ,-1 ,0  ,0  ,0 
8.0294709 ,Left ,-2 ,-5 ,-1 ,-5 ,-2 ,-5 ,-1 ,0 
8.0294792 ,Left ,+1 ,+1 ,0  ,-3 ,+4 ,+1 ,0  ,-2
8.0443494 ,Left ,+4 ,+3 ,-1 ,-7 ,+1 ,+1 ,+1 ,+2
8.0443575 ,Left ,+4 ,+4 ,-1 ,+5 ,-3 ,-1 ,-2 ,-1
8.0516729 ,Left ,-2 ,-2 ,-1 ,-2 ,+1 ,0  ,-1 ,+1
8.0516807 ,Left ,-8 ,-7 ,-6 ,-3 ,-5 ,-2 ,+2 ,-1
8.0669107 ,Left ,+3 ,+1 ,+1 ,+3 ,+1 ,-1 ,+1 ,+1
8.0669206 ,Left ,+2 ,+2 ,-3 ,-5 ,-1 ,0  ,-1 ,+2
8.0742551 ,Left ,0  ,-2 ,-3 ,-7 ,-5 ,+1 ,-1 ,-2
8.0742632 ,Left ,-3 ,0  ,+1 ,+2 ,-1 ,-2 ,-2 ,-3
8.0893065 ,Left ,-1 ,-1 ,0  ,-3 ,-3 ,0  ,-1 ,-1
8.0893151 ,Left ,-4 ,0  ,0  ,+2 ,+3 ,-1 ,0  ,-3
8.1043343 ,Left ,-3 ,-2 ,-4 ,-3 ,+2 ,-1 ,-1 ,-1
8.1043424 ,Left ,0  ,-3 ,0  ,-1 ,-2 ,0  ,-2 ,0 
8.111773 ,Left ,-2 ,0  ,+1 ,-4 ,-4 ,-2 ,-2 ,-3
8.111781 ,Left ,0  ,0  ,0  ,+2 ,-1 ,-1 ,-1 ,0 
8.1268289 ,Left ,-4 ,-3 ,-4 ,-3 ,-1 ,+2 ,-2 ,-1
8.1269012 ,Left ,-1 ,-1 ,+1 ,0  ,-2 ,-1 ,0  ,0 
8.1343429 ,Left ,+1 ,+1 ,0  ,-5 ,-4 ,-1 ,-1 ,-1
8.1343507 ,Left ,-3 ,-1 ,-1 ,+3 ,0  ,-3 ,-5 ,-4
8.1509044 ,Left ,-3 ,-4 ,-2 ,-1 ,-1 ,-1 ,-3 ,-3
8.1509848 ,Left ,0  ,+1 ,-2 ,-2 ,-2 ,-1 ,-1 ,0 
8.1643773 ,Left ,-3 ,0  ,-1 ,-2 ,-2 ,0  ,-1 ,-3
8.1643857 ,Left ,0  ,0  ,-1 ,+1 ,-3 ,-4 ,-2 ,-3
8.1718037 ,Left ,-1 ,-1 ,0  ,-3 ,-4 ,-1 ,-1 ,-1
8.1718131 ,Left ,0  ,-1 ,-1 ,+3 ,0  ,-2 ,-1 ,+1
8.1866342 ,Left ,-3 ,-2 ,0  ,-1 ,0  ,-1 ,+2 ,+1
8.1866422 ,Left ,+1 ,-3 ,-1 ,-1 ,+1 ,+2 ,+2 ,+2
8.1944066 ,Left ,-2 ,+1 ,+1 ,-2 ,+2 ,0  ,+1 ,0 
8.1944148 ,Left ,+1 ,+1 ,+1 ,-2 ,+2 ,+2 ,0  ,0 
8.2091444 ,Left ,+3 ,+1 ,+2 ,-4 ,+1 ,0  ,+1 ,-1
8.2091522 ,Left ,-2 ,-2 ,-3 ,-2 ,0  ,-1 ,-2 ,-1
8.2243453 ,Left ,0  ,-3 ,0  ,-3 ,-5 ,+3 ,-1 ,0 
8.2245517 ,Left ,-2 ,-3 ,+2 ,-2 ,0  ,+1 ,0  ,-2
8.2318054 ,Left ,0  ,-2 ,0  ,-4 ,-1 ,-2 ,-2 ,+1
8.2318135 ,Left ,+1 ,-1 ,-3 ,-2 ,+1 ,+1 ,-1 ,-2
8.2468731 ,Left ,0  ,0  ,-1 ,-3 ,+1 ,+1 ,-1 ,+1
8.2468811 ,Left ,-2 ,0  ,-2 ,-4 ,0  ,+1 ,-2 ,0 
8.2542325 ,Left ,0  ,+1 ,0  ,-3 ,-2 ,+1 ,-1 ,-1
8.2542408 ,Left ,0  ,-3 ,0  ,-2 ,-3 ,0  ,-2 ,-1
8.2691632 ,Left ,-3 ,-2 ,-4 ,-2 ,-2 ,0  ,-4 ,-4
8.2691709 ,Left ,-1 ,-1 ,-1 ,-2 ,0  ,0  ,-2 ,0 
8.2767803 ,Left ,-4 ,-5 ,-2 ,-1 ,-3 ,-3 ,-2 ,-3
8.2767882 ,Left ,-3 ,-2 ,-2 ,+2 ,-2 ,-1 ,0  ,0 
8.2919414 ,Left ,-2 ,-2 ,-2 ,-2 ,-1 ,+2 ,-2 ,-1
8.2919494 ,Left ,-1 ,-2 ,-1 ,+2 ,-1 ,-2 ,-1 ,-1
8.3069956 ,Left ,-1 ,0  ,+2 ,0  ,0  ,0  ,-2 ,0 
8.3070052 ,Left ,-4 ,-4 ,-2 ,+2 ,-2 ,0  ,-1 ,-2
8.3142747 ,Left ,-1 ,-3 ,+1 ,-4 ,-2 ,-2 ,-1 ,-2
8.3142824 ,Left ,-3 ,-1 ,-2 ,0  ,-2 ,-1 ,-2 ,+2
8.3291614 ,Left ,+3 ,-1 ,+1 ,+2 ,0  ,-4 ,0  ,-1
8.3291688 ,Left ,-3 ,-4 ,-4 ,-3 ,-2 ,0  ,-2 ,0 
8.3368669 ,Left ,+1 ,-1 ,-2 ,-1 ,-3 ,+1 ,0  ,-2
8.3368747 ,Left ,-2 ,-3 ,-3 ,0  ,-1 ,0  ,-2 ,-3
8.3515622 ,Left ,-4 ,-4 ,-3 ,0  ,-2 ,-4 ,-3 ,-2
8.3515702 ,Left ,+1 ,0  ,-1 ,-2 ,+1 ,-1 ,-1 ,+1
8.3669237 ,Left ,-2 ,-1 ,-2 ,-3 ,0  ,-1 ,0  ,0 
8.3669318 ,Left ,+2 ,-1 ,+1 ,0  ,0  ,-3 ,-1 ,-1
8.3743472 ,Left ,-1 ,0  ,-3 ,+3 ,0  ,-3 ,-1 ,-1
8.3744215 ,Left ,+1 ,0  ,0  ,-3 ,-2 ,+1 ,-1 ,-2
8.3891507 ,Left ,-1 ,0  ,+1 ,-2 ,-3 ,-1 ,-2 ,-1
8.3893084 ,Left ,-4 ,-2 ,-2 ,-3 ,0  ,0  ,-1 ,-2
8.3970135 ,Left ,+1 ,-2 ,-1 ,+4 ,-1 ,0  ,0  ,-2
8.3970214 ,Left ,-2 ,+1 ,0  ,0  ,-1 ,-3 ,0  ,-2
8.4042036 ,Left ,-3 ,0  ,-2 ,0  ,0  ,-1 ,-1 ,-3
8.4042112 ,Left ,-4 ,-2 ,0  ,0  ,-5 ,-3 ,-2 ,-1
8.4117788 ,Left ,+1 ,+2 ,-2 ,-2 ,-1 ,-2 ,-1 ,0 
8.4117871 ,Left ,0  ,-3 ,0  ,0  ,-2 ,-3 ,-2 ,-4
8.426578 ,Left ,0  ,+1 ,-2 ,+3 ,-1 ,+1 ,-2 ,-1
8.4266942 ,Left ,-1 ,0  ,-2 ,0  ,-3 ,-3 ,-1 ,0 
8.4341317 ,Left ,-1 ,-3 ,0  ,+1 ,-1 ,-4 ,-1 ,0 
8.434138 ,Left ,-1 ,-1 ,+1 ,-2 ,+1 ,-4 ,-1 ,-2
8.4491415 ,Left ,-3 ,-3 ,-3 ,+1 ,-2 ,-2 ,-1 ,-1
8.4491477 ,Left ,+2 ,-1 ,-1 ,-4 ,-2 ,-1 ,-2 ,-3
8.4566268 ,Left ,0  ,0  ,+1 ,+1 ,-2 ,+1 ,-1 ,-2
8.456633 ,Left ,-1 ,-3 ,-4 ,0  ,-3 ,-1 ,-3 ,+1
8.4642939 ,Left ,-5 ,-1 ,-2 ,0  ,0  ,-3 ,0  ,0 
8.4643001 ,Left ,0  ,+2 ,0  ,-2 ,0  ,0  ,-1 ,-2
8.4716622 ,Left ,-4 ,+1 ,+1 ,-1 ,0  ,0  ,-2 ,-1
8.4716688 ,Left ,-1 ,-2 ,-3 ,-4 ,-3 ,-2 ,-1 ,-1
8.4868274 ,Left ,+2 ,-2 ,0  ,-2 ,-1 ,+1 ,0  ,0 
8.4868339 ,Left ,-1 ,-2 ,-2 ,-1 ,-1 ,-1 ,+1 ,0 
8.4940144 ,Left ,-1 ,-3 ,-5 ,-2 ,-3 ,0  ,0  ,-1
8.4940207 ,Left ,-1 ,-2 ,-1 ,0  ,-1 ,0  ,-1 ,-1
8.509022 ,Left ,0  ,-1 ,+1 ,-1 ,-3 ,-1 ,-1 ,-1
8.5090277 ,Left ,-2 ,-1 ,0  ,-4 ,-2 ,0  ,-1 ,-2
8.5165542 ,Left ,-1 ,-1 ,-2 ,-1 ,+1 ,0  ,-2 ,+1
8.51656 ,Left ,-2 ,-3 ,-1 ,+2 ,-1 ,-1 ,-2 ,-1
8.5241749 ,Left ,0  ,-1 ,-1 ,-3 ,-1 ,-1 ,0  ,-1
8.5241853 ,Left ,0  ,-1 ,-1 ,+3 ,0  ,0  ,-1 ,+1
8.5314928 ,Left ,0  ,0  ,0  ,-2 ,-2 ,0  ,-2 ,-1
8.5314987 ,Left ,-2 ,0  ,0  ,-2 ,0  ,-3 ,-1 ,0 
8.546507 ,Left ,0  ,-1 ,-4 ,-2 ,-2 ,-1 ,-3 ,-2
8.5465129 ,Left ,-3 ,-3 ,-2 ,0  ,-1 ,-2 ,-1 ,-1
8.5542651 ,Left ,-1 ,0  ,-3 ,-2 ,+1 ,+1 ,-1 ,-3
8.5542715 ,Left ,-1 ,-1 ,+1 ,-1 ,0  ,-3 ,0  ,0 
8.5690439 ,Left ,-2 ,-2 ,-2 ,0  ,-1 ,-3 ,-3 ,-3
8.5690499 ,Left ,-2 ,-1 ,0  ,-3 ,+2 ,-2 ,-1 ,-1
8.5765731 ,Left ,-1 ,-3 ,+1 ,-1 ,-2 ,-2 ,0  ,+2
8.5766517 ,Left ,0  ,+1 ,+1 ,+1 ,-3 ,0  ,-1 ,-1
8.5837971 ,Left ,-1 ,-2 ,0  ,-4 ,-1 ,0  ,0  ,0 
8.5838199 ,Left ,0  ,-3 ,-3 ,-1 ,-3 ,+1 ,-1 ,-2
8.5913639 ,Left ,-1 ,-1 ,+1 ,-1 ,-1 ,-2 ,-1 ,-3
8.5913666 ,Left ,-1 ,-1 ,-2 ,+1 ,-2 ,-1 ,-1 ,+1
8.6064226 ,Left ,-3 ,-1 ,-1 ,+1 ,-3 ,-1 ,-1 ,-1
8.6064317 ,Left ,+1 ,-1 ,-1 ,-1 ,-1 ,-2 ,-1 ,0 
8.6140805 ,Left ,0  ,-1 ,-1 ,-3 ,0  ,-1 ,-2 ,-1
8.6140836 ,Left ,-1 ,-3 ,-3 ,-2 ,+1 ,0  ,0  ,-3
